Animal ID,slide,directory,tissue,duplicate,Pdcd10,K14-Cre,Experiment ID,SVS file,Sheet,anna_ROI,grayson_ROI
AG017F,AG017F,Exp1 TAM then 4NQO,tongue (default),False,F/+,Tg,1.0,,Exp1,,
AG046M,AG046M,Exp1 TAM then 4NQO,tongue (default),False,F/+,Tg,1.0,,Exp1,/Volumes/pearson-lab/PROJECTS/PDCD10/rois/anna/AG046M.csv,
AF250F,AF250F,Exp1 TAM then 4NQO,tongue (default),False,F/+,Tg,0.0,,Exp1,,
AF267F,AF267F,Exp1 TAM then 4NQO,tongue (default),False,F/F,Tg,0.0,,Exp1,/Volumes/pearson-lab/PROJECTS/PDCD10/rois/anna/AF267F.csv,
AG040F,AG040F,Exp1 TAM then 4NQO,tongue (default),False,F/+,Tg,1.0,,Exp1,/Volumes/pearson-lab/PROJECTS/PDCD10/rois/anna/AG040F.csv,
AG252F,AG252F,Exp1 TAM then 4NQO,tongue (default),False,F/F,Tg,1.0,negative control (no 4NQO water),Exp1,,
AG246F,AG246F,Exp1 TAM then 4NQO,tongue (default),False,F/+,Tg,1.0,negative control (no 4NQO water),Exp1,/Volumes/pearson-lab/PROJECTS/PDCD10/rois/anna/AG246F.csv,
AF104,AF104,Exp1 TAM then 4NQO,tongue (default),False,,,,,,/Volumes/pearson-lab/PROJECTS/PDCD10/rois/anna/AF104.csv,/Volumes/pearson-lab/PROJECTS/PDCD10/rois/grayson/AF104.csv
AG115M,AG115M,Exp1 TAM then 4NQO,tongue (default),False,F/F,Tg,1.0,,Exp1,/Volumes/pearson-lab/PROJECTS/PDCD10/rois/anna/AG115M.csv,
AF102F,AF102F,Exp1 TAM then 4NQO,tongue (default),False,F/F,Tg,0.0,,Exp1,/Volumes/pearson-lab/PROJECTS/PDCD10/rois/anna/AF102F.csv,/Volumes/pearson-lab/PROJECTS/PDCD10/rois/grayson/AF102F.csv
AG264M,AG264M,Exp1 TAM then 4NQO,tongue (default),False,F/F,Tg,1.0,,Exp1,/Volumes/pearson-lab/PROJECTS/PDCD10/rois/anna/AG264M.csv,
AF536F,AF536F,Exp1 TAM then 4NQO,tongue (default),False,F/F,Tg,0.0,,Exp1,,
AG031M,AG031M,Exp1 TAM then 4NQO,tongue (default),False,F/+,Tg,1.0,,Exp1,,
AG036F,AG036F,Exp1 TAM then 4NQO,tongue (default),False,F/+,Tg,1.0,,Exp1,/Volumes/pearson-lab/PROJECTS/PDCD10/rois/anna/AG036F.csv,
AF113M,AF113M,Exp1 TAM then 4NQO,tongue (default),False,F/+,Tg,0.0,,Exp1,/Volumes/pearson-lab/PROJECTS/PDCD10/rois/anna/AF113M.csv,/Volumes/pearson-lab/PROJECTS/PDCD10/rois/grayson/AF113M.csv
AG112M,AG112M,Exp1 TAM then 4NQO,tongue (default),False,F/F,Tg,1.0,,Exp1,/Volumes/pearson-lab/PROJECTS/PDCD10/rois/anna/AG112M.csv,
AG189F,AG189F,Exp1 TAM then 4NQO,tongue (default),False,F/F,Tg,1.0,negative control (no 4NQO water),Exp1,/Volumes/pearson-lab/PROJECTS/PDCD10/rois/anna/AG189F.csv,
AF254F,AF254F,Exp1 TAM then 4NQO,tongue (default),False,F/+,Tg,0.0,,Exp1,/Volumes/pearson-lab/PROJECTS/PDCD10/rois/anna/AF254F.csv,/Volumes/pearson-lab/PROJECTS/PDCD10/rois/grayson/AF254F.csv
AF259M,AF259M,Exp1 TAM then 4NQO,tongue (default),False,F/+,Tg,0.0,,Exp1,/Volumes/pearson-lab/PROJECTS/PDCD10/rois/anna/AF259M.csv,
AF107,AF107,Exp1 TAM then 4NQO,tongue (default),False,,,,,,/Volumes/pearson-lab/PROJECTS/PDCD10/rois/anna/AF107.csv,/Volumes/pearson-lab/PROJECTS/PDCD10/rois/grayson/AF107.csv
AG033F,AG033F,Exp1 TAM then 4NQO,tongue (default),False,F/+,Tg,1.0,,Exp1,/Volumes/pearson-lab/PROJECTS/PDCD10/rois/anna/AG033F.csv,
AG243F,AG243F,Exp1 TAM then 4NQO,tongue (default),False,,Tg,,.svs exists but no animal record,Exp1,/Volumes/pearson-lab/PROJECTS/PDCD10/rois/anna/AG243F.csv,
AF256F,AF256F,Exp1 TAM then 4NQO,tongue (default),False,F/+,Tg,0.0,,Exp1,,
AG021F,AG021F,Exp1 TAM then 4NQO,tongue (default),False,F/+,Tg,1.0,,Exp1,,
AF109,AF109,Exp1 TAM then 4NQO,tongue (default),False,,,,,,/Volumes/pearson-lab/PROJECTS/PDCD10/rois/anna/AF109.csv,/Volumes/pearson-lab/PROJECTS/PDCD10/rois/grayson/AF109.csv
AG015F,AG015F,Exp1 TAM then 4NQO,tongue (default),False,F/F,Tg,1.0,,Exp1,,
AG121M,AG121M,Exp1 TAM then 4NQO,tongue (default),False,F/+,Tg,1.0,,Exp1,/Volumes/pearson-lab/PROJECTS/PDCD10/rois/anna/AG121M.csv,
AG119M,AG119M,Exp1 TAM then 4NQO,tongue (default),False,,,,,,/Volumes/pearson-lab/PROJECTS/PDCD10/rois/anna/AG119M.csv,
AG122M,AG122M,Exp1 TAM then 4NQO,tongue (default),False,F/+,Tg,1.0,,Exp1,,
AG020F,AG020F,Exp1 TAM then 4NQO,tongue (default),False,F/+,Tg,1.0,,Exp1,/Volumes/pearson-lab/PROJECTS/PDCD10/rois/anna/AG020F.csv,
AF257M,AF257M,Exp1 TAM then 4NQO,tongue (default),False,F/F,Tg,0.0,,Exp1,/Volumes/pearson-lab/PROJECTS/PDCD10/rois/anna/AF257M.csv,/Volumes/pearson-lab/PROJECTS/PDCD10/rois/grayson/AF257M.csv
AF271M,AF271M,Exp1 TAM then 4NQO,tongue (default),False,F/+,Tg,0.0,,Exp1,/Volumes/pearson-lab/PROJECTS/PDCD10/rois/anna/AF271M.csv,
AG016F,AG016F,Exp1 TAM then 4NQO,tongue (default),False,F/+,Tg,1.0,,Exp1,/Volumes/pearson-lab/PROJECTS/PDCD10/rois/anna/AG016F.csv,
AF248F,AF248F,Exp1 TAM then 4NQO,tongue (default),False,F/+,Tg,0.0,,Exp1,,
AF110F,AF110F,Exp1 TAM then 4NQO,tongue (default),False,F/+,Tg,0.0,,Exp1,/Volumes/pearson-lab/PROJECTS/PDCD10/rois/anna/AF110F.csv,/Volumes/pearson-lab/PROJECTS/PDCD10/rois/grayson/AF110F.csv
AF435F,AF435F,Exp1 TAM then 4NQO,tongue (default),False,F/+,Tg,0.0,,Exp1,,
AG117M,AG117M,Exp1 TAM then 4NQO,tongue (default),False,F/+,Tg,1.0,,Exp1,,
AF135M,AF135M,Exp1 TAM then 4NQO,tongue (default),False,F/+,Tg,0.0,,Exp1,/Volumes/pearson-lab/PROJECTS/PDCD10/rois/anna/AF135M.csv,/Volumes/pearson-lab/PROJECTS/PDCD10/rois/grayson/AF135M.csv
AF434F,AF434F,Exp1 TAM then 4NQO,tongue (default),False,F/F,Tg,0.0,,Exp1,/Volumes/pearson-lab/PROJECTS/PDCD10/rois/anna/AF434F.csv,
AF239F,AF239F,Exp1 TAM then 4NQO,tongue (default),False,F/+,Tg,0.0,,Exp1,/Volumes/pearson-lab/PROJECTS/PDCD10/rois/anna/AF239F.csv,/Volumes/pearson-lab/PROJECTS/PDCD10/rois/grayson/AF239F.csv
AG190F,AG190F,Exp1 TAM then 4NQO,tongue (default),False,F/F,Tg,1.0,negative control (no 4NQO water),Exp1,/Volumes/pearson-lab/PROJECTS/PDCD10/rois/anna/AG190F.csv,
AF436M,AF436M,Exp1 TAM then 4NQO,tongue (default),False,F/+,Tg,0.0,,Exp1,/Volumes/pearson-lab/PROJECTS/PDCD10/rois/anna/AF436M.csv,
AG035F,AG035F,Exp1 TAM then 4NQO,tongue (default),False,F/+,Tg,1.0,,Exp1,,
AG186F,AG186F,Exp1 TAM then 4NQO,tongue (default),False,F/F,Tg,1.0,negative control (no 4NQO water),Exp1,,
AG037F,AG037F,Exp1 TAM then 4NQO,tongue (default),False,F/F,Tg,1.0,,Exp1,/Volumes/pearson-lab/PROJECTS/PDCD10/rois/anna/AG037F.csv,
AF252,AF252,Exp1 TAM then 4NQO,tongue (default),False,,,,,,/Volumes/pearson-lab/PROJECTS/PDCD10/rois/anna/AF252.csv,/Volumes/pearson-lab/PROJECTS/PDCD10/rois/grayson/AF252.csv
AF238F,AF238F,Exp1 TAM then 4NQO,tongue (default),False,F/+,Tg,0.0,,Exp1,/Volumes/pearson-lab/PROJECTS/PDCD10/rois/anna/AF238F.csv,/Volumes/pearson-lab/PROJECTS/PDCD10/rois/grayson/AF238F.csv
AF136M,AF136M,Exp1 TAM then 4NQO,tongue (default),False,F/+,Tg,0.0,,Exp1,/Volumes/pearson-lab/PROJECTS/PDCD10/rois/anna/AF136M.csv,/Volumes/pearson-lab/PROJECTS/PDCD10/rois/grayson/AF136M.csv
AG260M,AG260M,Exp1 TAM then 4NQO,tongue (default),False,F/F,Tg,1.0,,Exp1,,
AG045M,AG045M,Exp1 TAM then 4NQO,tongue (default),False,F/F,Tg,1.0,,Exp1,/Volumes/pearson-lab/PROJECTS/PDCD10/rois/anna/AG045M.csv,
AG108F,AG108F,Exp1 TAM then 4NQO,tongue (default),False,F/+,Tg,1.0,,Exp1,/Volumes/pearson-lab/PROJECTS/PDCD10/rois/anna/AG108F.csv,
AF130F,AF130F,Exp1 TAM then 4NQO,tongue (default),False,F/F,Tg,0.0,,Exp1,/Volumes/pearson-lab/PROJECTS/PDCD10/rois/anna/AF130F.csv,/Volumes/pearson-lab/PROJECTS/PDCD10/rois/grayson/AF130F.csv
AG187F,AG187F,Exp1 TAM then 4NQO,tongue (default),False,F/F,Tg,1.0,negative control (no 4NQO water),Exp1,/Volumes/pearson-lab/PROJECTS/PDCD10/rois/anna/AG187F.csv,
AG118M,AG118M,Exp1 TAM then 4NQO,tongue (default),False,F/+,Tg,1.0,,Exp1,/Volumes/pearson-lab/PROJECTS/PDCD10/rois/anna/AG118M.csv,
AG039F,AG039F,Exp1 TAM then 4NQO,tongue (default),False,F/F,Tg,1.0,,Exp1,/Volumes/pearson-lab/PROJECTS/PDCD10/rois/anna/AG039F.csv,
AG256F,AG256F,Exp1 TAM then 4NQO,tongue (default),False,,Tg,,.svs exists but no animal record,Exp1,/Volumes/pearson-lab/PROJECTS/PDCD10/rois/anna/AG256F.csv,
AG032F,AG032F,Exp1 TAM then 4NQO,tongue (default),False,F/F,Tg,1.0,,Exp1,/Volumes/pearson-lab/PROJECTS/PDCD10/rois/anna/AG032F.csv,
AF265,AF265,Exp1 TAM then 4NQO,tongue (default),False,,,,,,,
AG034F,AG034F,Exp1 TAM then 4NQO,tongue (default),False,F/F,Tg,1.0,,Exp1,/Volumes/pearson-lab/PROJECTS/PDCD10/rois/anna/AG034F.csv,
AF537F,AF537F,Exp1 TAM then 4NQO,tongue (default),False,F/F,Tg,0.0,,Exp1,,
AG113M,AG113M,Exp1 TAM then 4NQO,tongue (default),False,F/+,Tg,1.0,,Exp1,/Volumes/pearson-lab/PROJECTS/PDCD10/rois/anna/AG113M.csv,
AG041M,AG041M,Exp1 TAM then 4NQO,tongue (default),False,F/+,Tg,1.0,,Exp1,/Volumes/pearson-lab/PROJECTS/PDCD10/rois/anna/AG041M.csv,
AG022F,AG022F,Exp1 TAM then 4NQO,tongue (default),False,F/+,Tg,1.0,,Exp1,,
AF134M,AF134M,Exp1 TAM then 4NQO,tongue (default),False,F/+,Tg,0.0,,Exp1,,
AG191F,AG191F,Exp1 TAM then 4NQO,tongue (default),False,F/+,Tg,1.0,negative control (no 4NQO water),Exp1,/Volumes/pearson-lab/PROJECTS/PDCD10/rois/anna/AG191F.csv,
AG192M,AG192M,Exp1 TAM then 4NQO,tongue (default),False,F/F,Tg,1.0,,Exp1,/Volumes/pearson-lab/PROJECTS/PDCD10/rois/anna/AG192M.csv,
AG043M,AG043M,Exp1 TAM then 4NQO,tongue (default),False,F/F,Tg,1.0,,Exp1,/Volumes/pearson-lab/PROJECTS/PDCD10/rois/anna/AG043M.csv,
AG042M,AG042M,Exp1 TAM then 4NQO,tongue (default),False,F/+,Tg,1.0,,Exp1,/Volumes/pearson-lab/PROJECTS/PDCD10/rois/anna/AG042M.csv,
AF406M,AF406M,Exp1 TAM then 4NQO,tongue (default),False,F/F,Tg,0.0,,Exp1,/Volumes/pearson-lab/PROJECTS/PDCD10/rois/anna/AF406M.csv,
AG120M,AG120M,Exp1 TAM then 4NQO,tongue (default),False,F/F,Tg,1.0,,Exp1,/Volumes/pearson-lab/PROJECTS/PDCD10/rois/anna/AG120M.csv,
AG255F,AG255F,Exp1 TAM then 4NQO,tongue (default),False,F/F,Tg,1.0,negative control (no 4NQO water),Exp1,/Volumes/pearson-lab/PROJECTS/PDCD10/rois/anna/AG255F.csv,
AG263M,AG263M,Exp1 TAM then 4NQO,tongue (default),False,F/F,Tg,1.0,,Exp1,/Volumes/pearson-lab/PROJECTS/PDCD10/rois/anna/AG263M.csv,
AG110F,AG110F,Exp1 TAM then 4NQO,tongue (default),False,F/F,Tg,1.0,,Exp1,/Volumes/pearson-lab/PROJECTS/PDCD10/rois/anna/AG110F.csv,
AF263F,AF263F,Exp1 TAM then 4NQO,tongue (default),False,F/F,Tg,0.0,,Exp1,,
AG986F,eso AG986F,Exp2 4NQO then TAM,esophagus,False,F/F,Tg,2.0,,Exp2,,
AG986F,AG986F,Exp2 4NQO then TAM,tongue (default),False,F/F,Tg,2.0,,Exp2,/Volumes/pearson-lab/PROJECTS/PDCD10/rois/anna/AG986F.csv,/Volumes/pearson-lab/PROJECTS/PDCD10/rois/grayson/AG986F.csv
AH213F,eso AH213F,Exp2 4NQO then TAM,esophagus,False,F/+,Tg,2.0,,Exp2,,
AH213F,AH213F,Exp2 4NQO then TAM,tongue (default),False,F/+,Tg,2.0,,Exp2,/Volumes/pearson-lab/PROJECTS/PDCD10/rois/anna/AH213F.csv,
AH072M,AH072M,Exp2 4NQO then TAM,tongue (default),False,F/F,Tg,2.0,no corresponding .svs file,Exp2,,/Volumes/pearson-lab/PROJECTS/PDCD10/rois/grayson/AH072M.csv
AH072M,eso AH072M,Exp2 4NQO then TAM,esophagus,False,F/F,Tg,2.0,no corresponding .svs file,Exp2,,
AH145M,AH145M,Exp2 4NQO then TAM,tongue (default),False,F/F,Tg,2.0,no corresponding .svs file,Exp2,/Volumes/pearson-lab/PROJECTS/PDCD10/rois/anna/AH145M.csv,
AH145M,eso AH145M,Exp2 4NQO then TAM,esophagus,False,F/F,Tg,2.0,no corresponding .svs file,Exp2,,
AJ483F,AJ483F,Exp2 4NQO then TAM,tongue (default),False,F/+,,,,Exp3,/Volumes/pearson-lab/PROJECTS/PDCD10/rois/anna/AJ483F.csv,
AJ391M,eso AJ391M,Exp2 4NQO then TAM,esophagus,False,,,,,,,
AJ391M,AJ391M,Exp2 4NQO then TAM,tongue (default),False,,,,,,/Volumes/pearson-lab/PROJECTS/PDCD10/rois/anna/AJ391M.csv,
AJ404M,AJ404M-2,Exp2 4NQO then TAM,tongue (default),False,F/+,,,,Exp3,,
AJ404M,AJ404M,Exp2 4NQO then TAM,tongue (default),False,F/+,,,,Exp3,/Volumes/pearson-lab/PROJECTS/PDCD10/rois/anna/AJ404M.csv,
AH146M,AH146M,Exp2 4NQO then TAM,tongue (default),False,F/+,Tg,2.0,no corresponding .svs file,Exp2,/Volumes/pearson-lab/PROJECTS/PDCD10/rois/anna/AH146M.csv,
AH146M,eso AH146M,Exp2 4NQO then TAM,esophagus,False,F/+,Tg,2.0,no corresponding .svs file,Exp2,,
AH074M,AH074M,Exp2 4NQO then TAM,tongue (default),False,F/F,Tg,2.0,no corresponding .svs file,Exp2,/Volumes/pearson-lab/PROJECTS/PDCD10/rois/anna/AH074M.csv,/Volumes/pearson-lab/PROJECTS/PDCD10/rois/grayson/AH074M.csv
AH074M,eso AH074M-2,Exp2 4NQO then TAM,esophagus,False,F/F,Tg,2.0,no corresponding .svs file,Exp2,,
AH074M,eso AH074M,Exp2 4NQO then TAM,esophagus,False,F/F,Tg,2.0,no corresponding .svs file,Exp2,,
AH142F,eso AH142F,Exp2 4NQO then TAM,esophagus,False,F/F,Tg,2.0,no corresponding .svs file,Exp2,,
AH142F,AH142F,Exp2 4NQO then TAM,tongue (default),False,F/F,Tg,2.0,no corresponding .svs file,Exp2,/Volumes/pearson-lab/PROJECTS/PDCD10/rois/anna/AH142F.csv,
AG991M,eso AG991M,Exp2 4NQO then TAM,esophagus,False,F/F,Tg,2.0,no corresponding .svs file,Exp2,,
AG991M,AG991M,Exp2 4NQO then TAM,tongue (default),False,F/F,Tg,2.0,no corresponding .svs file,Exp2,/Volumes/pearson-lab/PROJECTS/PDCD10/rois/anna/AG991M.csv,/Volumes/pearson-lab/PROJECTS/PDCD10/rois/grayson/AG991M.csv
AH212F,eso AH212F,Exp2 4NQO then TAM,esophagus,False,F/F,Tg,2.0,,Exp2,,
AH212F,AH212F,Exp2 4NQO then TAM,tongue (default),False,F/F,Tg,2.0,,Exp2,/Volumes/pearson-lab/PROJECTS/PDCD10/rois/anna/AH212F.csv,
AJ392M,eso AJ392M,Exp2 4NQO then TAM,esophagus,False,,,,,,,
AJ392M,AJ392M,Exp2 4NQO then TAM,tongue (default),False,,,,,,/Volumes/pearson-lab/PROJECTS/PDCD10/rois/anna/AJ392M.csv,
AJ395M,AJ395M,Exp2 4NQO then TAM,tongue (default),False,F/F,,,,Exp3,/Volumes/pearson-lab/PROJECTS/PDCD10/rois/anna/AJ395M.csv,
AJ395M,eso AJ395M,Exp2 4NQO then TAM,esophagus,False,F/F,,,,Exp3,,
AJ396M,AJ396M,Exp2 4NQO then TAM,tongue (default),False,F/+,,,,Exp3,/Volumes/pearson-lab/PROJECTS/PDCD10/rois/anna/AJ396M.csv,
AJ396M,eso AJ396M,Exp2 4NQO then TAM,esophagus,False,F/+,,,,Exp3,,
AG987F,AG987F,Exp2 4NQO then TAM,tongue (default),False,F/+,Tg,2.0,,Exp2,/Volumes/pearson-lab/PROJECTS/PDCD10/rois/anna/AG987F.csv,/Volumes/pearson-lab/PROJECTS/PDCD10/rois/grayson/AG987F.csv
AG987F,eso AG987F,Exp2 4NQO then TAM,esophagus,False,F/+,Tg,2.0,,Exp2,,
AJ406M,AJ406M,Exp2 4NQO then TAM,tongue (default),False,F/F,,,,Exp3,/Volumes/pearson-lab/PROJECTS/PDCD10/rois/anna/AJ406M.csv,
AH143F,eso AH143F,Exp2 4NQO then TAM,esophagus,False,F/F,Tg,2.0,no corresponding .svs file,Exp2,,
AH143F,AH143F,Exp2 4NQO then TAM,tongue (default),False,F/F,Tg,2.0,no corresponding .svs file,Exp2,,
AH144F,eso AH144F,Exp2 4NQO then TAM,esophagus,False,F/+,Tg,2.0,no corresponding .svs file,Exp2,,
AH144F,AH144F,Exp2 4NQO then TAM,tongue (default),False,F/+,Tg,2.0,no corresponding .svs file,Exp2,,
AH071M,AH071M,Exp2 4NQO then TAM,tongue (default),False,F/+,Tg,2.0,no corresponding .svs file,Exp2,,
AH071M,eso AH071M,Exp2 4NQO then TAM,esophagus,False,F/+,Tg,2.0,no corresponding .svs file,Exp2,,
AH215M,eso AH215M,Exp2 4NQO then TAM,esophagus,False,F/+,Tg,2.0,,Exp2,,
AH215M,AH215M,Exp2 4NQO then TAM,tongue (default),False,F/+,Tg,2.0,,Exp2,/Volumes/pearson-lab/PROJECTS/PDCD10/rois/anna/AH215M.csv,
AH210F,AH210F,Exp2 4NQO then TAM,tongue (default),False,F/+,Tg,2.0,,Exp2,/Volumes/pearson-lab/PROJECTS/PDCD10/rois/anna/AH210F.csv,
AH210F,eso AH210F,Exp2 4NQO then TAM,esophagus,False,F/+,Tg,2.0,,Exp2,,
AH073M,AH073M,Exp2 4NQO then TAM,tongue (default),False,F/F,Tg,2.0,no corresponding .svs file,Exp2,/Volumes/pearson-lab/PROJECTS/PDCD10/rois/anna/AH073M.csv,/Volumes/pearson-lab/PROJECTS/PDCD10/rois/grayson/AH073M.csv
AH073M,eso AH073M,Exp2 4NQO then TAM,esophagus,False,F/F,Tg,2.0,no corresponding .svs file,Exp2,,
AJ409M,AJ409M,Exp2 4NQO then TAM,tongue (default),False,F/+,,,,Exp3,/Volumes/pearson-lab/PROJECTS/PDCD10/rois/anna/AJ409M.csv,
AH141F,AH141F,Exp2 4NQO then TAM,tongue (default),False,F/+,Tg,2.0,no corresponding .svs file,Exp2,/Volumes/pearson-lab/PROJECTS/PDCD10/rois/anna/AH141F.csv,/Volumes/pearson-lab/PROJECTS/PDCD10/rois/grayson/AH141F.csv
AH141F,eso AH141F,Exp2 4NQO then TAM,esophagus,False,F/+,Tg,2.0,no corresponding .svs file,Exp2,,
AJ393M,eso AJ393M,Exp2 4NQO then TAM,esophagus,False,F/F,,,,Exp3,,
AJ393M,AJ393M,Exp2 4NQO then TAM,tongue (default),False,F/F,,,,Exp3,/Volumes/pearson-lab/PROJECTS/PDCD10/rois/anna/AJ393M.csv,
AH063F,AH063F,Exp2 4NQO then TAM,tongue (default),False,F/+,Tg,2.0,no corresponding .svs file,Exp2,/Volumes/pearson-lab/PROJECTS/PDCD10/rois/anna/AH063F.csv,/Volumes/pearson-lab/PROJECTS/PDCD10/rois/grayson/AH063F.csv
AH063F,eso AH063F,Exp2 4NQO then TAM,esophagus,False,F/+,Tg,2.0,no corresponding .svs file,Exp2,,
AH211F,AH211F,Exp2 4NQO then TAM,tongue (default),False,F/F,Tg,2.0,,Exp2,/Volumes/pearson-lab/PROJECTS/PDCD10/rois/anna/AH211F.csv,
AH211F,eso AH211F,Exp2 4NQO then TAM,esophagus,False,F/F,Tg,2.0,,Exp2,,
AJ583M,AJ583M,Exp2 4NQO then TAM,tongue (default),False,F/F,,,,Exp3,/Volumes/pearson-lab/PROJECTS/PDCD10/rois/anna/AJ583M.csv,
AJ572M,AJ572M,Exp2 4NQO then TAM,tongue (default),False,F/F,,,,Exp3,/Volumes/pearson-lab/PROJECTS/PDCD10/rois/anna/AJ572M.csv,
AH139F,eso AH139F,Exp2 4NQO then TAM,esophagus,False,F/F,Tg,2.0,no corresponding .svs file,Exp2,,
AH139F,AH139F,Exp2 4NQO then TAM,tongue (default),False,F/F,Tg,2.0,no corresponding .svs file,Exp2,/Volumes/pearson-lab/PROJECTS/PDCD10/rois/anna/AH139F.csv,/Volumes/pearson-lab/PROJECTS/PDCD10/rois/grayson/AH139F.csv
AG985F,AG985F,Exp2 4NQO then TAM,tongue (default),False,F/F,Tg,2.0,,Exp2,/Volumes/pearson-lab/PROJECTS/PDCD10/rois/anna/AG985F.csv,/Volumes/pearson-lab/PROJECTS/PDCD10/rois/grayson/AG985F.csv
AG985F,eso AG985F,Exp2 4NQO then TAM,esophagus,False,F/F,Tg,2.0,,Exp2,,
AJ407M,AJ407M,Exp2 4NQO then TAM,tongue (default),False,F/+,,,,Exp3,/Volumes/pearson-lab/PROJECTS/PDCD10/rois/anna/AJ407M.csv,
AJ578M,AJ578M,Exp2 4NQO then TAM,tongue (default),False,F/F,,,,Exp3,/Volumes/pearson-lab/PROJECTS/PDCD10/rois/anna/AJ578M.csv,
AL949M,tongue AL949M,Exp3&4_NQO_TAM/NQO1st_Tam2nd/tongue_NQO 1st,tongue,False,F/F,,3&4,,First,,
AL949M,eso AL949M,Exp3&4_NQO_TAM/NQO1st_Tam2nd/esophagus_NQO 1st,esophagus,False,F/F,,3&4,,First,,
AL688M,tongue AL688M,Exp3&4_NQO_TAM/NQO1st_Tam2nd/tongue_NQO 1st,tongue,False,F/F,,3&4,,First,,
AL688M,eso AL688M,Exp3&4_NQO_TAM/NQO1st_Tam2nd/esophagus_NQO 1st,esophagus,False,F/F,,3&4,,First,,
AL855M,tongue AL855M,Exp3&4_NQO_TAM/NQO1st_Tam2nd/tongue_NQO 1st,tongue,False,F/+,,3&4,,First,,
AL855M,eso AL855M,Exp3&4_NQO_TAM/NQO1st_Tam2nd/esophagus_NQO 1st,esophagus,False,F/+,,3&4,,First,,
AL879M,tongue AL879M,Exp3&4_NQO_TAM/NQO1st_Tam2nd/tongue_NQO 1st,tongue,False,+/+,,3&4,,First,,
AL879M,eso AL879M,Exp3&4_NQO_TAM/NQO1st_Tam2nd/esophagus_NQO 1st,esophagus,False,+/+,,3&4,,First,,
AL945F,tongue AL945F,Exp3&4_NQO_TAM/NQO1st_Tam2nd/tongue_NQO 1st,tongue,False,F/F,,3&4,,First,,
AL945F,eso AL945F,Exp3&4_NQO_TAM/NQO1st_Tam2nd/esophagus_NQO 1st,esophagus,False,F/F,,3&4,,First,,
AL875F,tongue AL875F,Exp3&4_NQO_TAM/NQO1st_Tam2nd/tongue_NQO 1st,tongue,False,F/+,,3&4,,First,,
AL875F,eso AL875F,Exp3&4_NQO_TAM/NQO1st_Tam2nd/esophagus_NQO 1st,esophagus,False,F/+,,3&4,,First,,
AL853F,tongue AL853F,Exp3&4_NQO_TAM/NQO1st_Tam2nd/tongue_NQO 1st,tongue,False,F/+,,3&4,,First,,
AL853F,eso AL853F,Exp3&4_NQO_TAM/NQO1st_Tam2nd/esophagus_NQO 1st,esophagus,False,F/+,,3&4,,First,,
AL947M,tongue AL947M,Exp3&4_NQO_TAM/NQO1st_Tam2nd/tongue_NQO 1st,tongue,False,F/F,,3&4,,First,,
AL947M,eso AL947M,Exp3&4_NQO_TAM/NQO1st_Tam2nd/esophagus_NQO 1st,esophagus,False,F/F,,3&4,,First,,
AL943F,tongue AL943F,Exp3&4_NQO_TAM/NQO1st_Tam2nd/tongue_NQO 1st,tongue,False,F/F,,3&4,,First,,
AL943F,eso AL943F,Exp3&4_NQO_TAM/NQO1st_Tam2nd/esophagus_NQO 1st,esophagus,False,F/F,,3&4,,First,,
AL889M,tongue AL889M,Exp3&4_NQO_TAM/NQO1st_Tam2nd/tongue_NQO 1st,tongue,False,F/+,,3&4,,First,,
AL889M,eso AL889M,Exp3&4_NQO_TAM/NQO1st_Tam2nd/esophagus_NQO 1st,esophagus,False,F/+,,3&4,,First,,
AL933F,tongue AL933F,Exp3&4_NQO_TAM/NQO1st_Tam2nd/tongue_NQO 1st,tongue,False,F/F,,3&4,,First,,
AL933F,eso AL933F,Exp3&4_NQO_TAM/NQO1st_Tam2nd/esophagus_NQO 1st,esophagus,False,F/F,,3&4,,First,,
AL686M,tongue AL686M,Exp3&4_NQO_TAM/NQO1st_Tam2nd/tongue_NQO 1st,tongue,False,F/+,,3&4,,First,,
AL686M,eso AL686M,Exp3&4_NQO_TAM/NQO1st_Tam2nd/esophagus_NQO 1st,esophagus,False,F/+,,3&4,,First,,
AL887M,tongue AL887M,Exp3&4_NQO_TAM/NQO1st_Tam2nd/tongue_NQO 1st,tongue,False,F/+,,3&4,,First,,
AL887M,eso AL887M,Exp3&4_NQO_TAM/NQO1st_Tam2nd/esophagus_NQO 1st,esophagus,False,F/+,,3&4,,First,,
AL872F,tongue AL872F,Exp3&4_NQO_TAM/NQO1st_Tam2nd/tongue_NQO 1st,tongue,False,F/+,,3&4,,First,,
AL872F,eso AL872F,Exp3&4_NQO_TAM/NQO1st_Tam2nd/esophagus_NQO 1st,esophagus,False,F/+,,3&4,,First,,
AL858F,tongue AL858F,Exp3&4_NQO_TAM/NQO1st_Tam2nd/tongue_NQO 1st,tongue,False,F/F,,3&4,,First,,
AL858F,eso AL858F,Exp3&4_NQO_TAM/NQO1st_Tam2nd/esophagus_NQO 1st,esophagus,False,F/F,,3&4,,First,,
AL885M,tongue AL885M,Exp3&4_NQO_TAM/NQO1st_Tam2nd/tongue_NQO 1st,tongue,False,F/+,,3&4,,First,,
AL885M,eso AL885M,Exp3&4_NQO_TAM/NQO1st_Tam2nd/esophagus_NQO 1st,esophagus,False,F/+,,3&4,,First,,
AL946F,tongue AL946F,Exp3&4_NQO_TAM/NQO1st_Tam2nd/tongue_NQO 1st,tongue,False,F/F,,3&4,,First,,
AL946F,eso AL946F,Exp3&4_NQO_TAM/NQO1st_Tam2nd/esophagus_NQO 1st,esophagus,False,F/F,,3&4,,First,,
AL866F,tongue AL866F,Exp3&4_NQO_TAM/NQO1st_Tam2nd/tongue_NQO 1st,tongue,False,F/F,,3&4,,First,,
AL866F,eso AL866F,Exp3&4_NQO_TAM/NQO1st_Tam2nd/esophagus_NQO 1st,esophagus,False,F/F,,3&4,,First,,
AL950,tongue AL950+1M,Exp3&4_NQO_TAM/NQO1st_Tam2nd/tongue_NQO 1st,tongue,False,,,,,,,
AL950,eso AL950+1M,Exp3&4_NQO_TAM/NQO1st_Tam2nd/esophagus_NQO 1st,esophagus,False,,,,,,,
AL856M,tongue AL856M,Exp3&4_NQO_TAM/NQO1st_Tam2nd/tongue_NQO 1st,tongue,False,+/+,,3&4,,First,,
AL856M,eso AL856M,Exp3&4_NQO_TAM/NQO1st_Tam2nd/esophagus_NQO 1st,esophagus,False,+/+,,3&4,,First,,
AL851F,tongue AL851F,Exp3&4_NQO_TAM/NQO1st_Tam2nd/tongue_NQO 1st,tongue,False,F/+,,3&4,,First,,
AL851F,eso AL851F,Exp3&4_NQO_TAM/NQO1st_Tam2nd/esophagus_NQO 1st,esophagus,False,F/+,,3&4,,First,,
AL679F,tongue AL679F,Exp3&4_NQO_TAM/NQO1st_Tam2nd/tongue_NQO 1st,tongue,False,+/+,,3&4,,First,,
AL679F,eso AL679F,Exp3&4_NQO_TAM/NQO1st_Tam2nd/esophagus_NQO 1st,esophagus,False,+/+,,3&4,,First,,
AL852F,tongue AL852F,Exp3&4_NQO_TAM/NQO1st_Tam2nd/tongue_NQO 1st,tongue,False,F/+,,3&4,,First,,
AL852F,eso AL852F,Exp3&4_NQO_TAM/NQO1st_Tam2nd/esophagus_NQO 1st,esophagus,False,F/+,,3&4,,First,,
AL867M,tongue AL867M,Exp3&4_NQO_TAM/NQO1st_Tam2nd/tongue_NQO 1st,tongue,False,F/F,,3&4,,First,,
AL867M,eso AL867M,Exp3&4_NQO_TAM/NQO1st_Tam2nd/esophagus_NQO 1st,esophagus,False,F/F,,3&4,,First,,
AL931F,tongue AL931F,Exp3&4_NQO_TAM/NQO1st_Tam2nd/tongue_NQO 1st,tongue,False,+/+,,3&4,,First,,
AL931F,eso AL931F,Exp3&4_NQO_TAM/NQO1st_Tam2nd/esophagus_NQO 1st,esophagus,False,+/+,,3&4,,First,,
AL871F,tongue AL871F,Exp3&4_NQO_TAM/NQO1st_Tam2nd/tongue_NQO 1st,tongue,False,F/F,,3&4,,First,,
AL871F,eso AL871F,Exp3&4_NQO_TAM/NQO1st_Tam2nd/esophagus_NQO 1st,esophagus,False,F/F,,3&4,,First,,
AL685F,tongue AL685F,Exp3&4_NQO_TAM/NQO1st_Tam2nd/tongue_NQO 1st,tongue,False,F/+,,3&4,,First,,
AL685F,eso AL685F,Exp3&4_NQO_TAM/NQO1st_Tam2nd/esophagus_NQO 1st,esophagus,False,F/+,,3&4,,First,,
AL684F,tongue AL684F,Exp3&4_NQO_TAM/NQO1st_Tam2nd/tongue_NQO 1st,tongue,False,+/+,,3&4,,First,,
AL684F,eso AL684F,Exp3&4_NQO_TAM/NQO1st_Tam2nd/esophagus_NQO 1st,esophagus,False,+/+,,3&4,,First,,
AL930F,tongue AL930F,Exp3&4_NQO_TAM/NQO1st_Tam2nd/tongue_NQO 1st,tongue,False,F/+,,3&4,,First,,
AL930F,eso AL930F,Exp3&4_NQO_TAM/NQO1st_Tam2nd/esophagus_NQO 1st,esophagus,False,F/+,,3&4,,First,,
AL854M,tongue AL854M,Exp3&4_NQO_TAM/NQO1st_Tam2nd/tongue_NQO 1st,tongue,False,F/+,,3&4,,First,,
AL854M,eso AL854M,Exp3&4_NQO_TAM/NQO1st_Tam2nd/esophagus_NQO 1st,esophagus,False,F/+,,3&4,,First,,
AL689M,tongue AL689M,Exp3&4_NQO_TAM/NQO1st_Tam2nd/tongue_NQO 1st,tongue,False,F/+,,3&4,,First,,
AL689M,eso AL689M,Exp3&4_NQO_TAM/NQO1st_Tam2nd/esophagus_NQO 1st,esophagus,False,F/+,,3&4,,First,,
AL683F,tongue AL683F,Exp3&4_NQO_TAM/NQO1st_Tam2nd/tongue_NQO 1st,tongue,False,?,,3&4,,First,,
AL683F,eso AL683F,Exp3&4_NQO_TAM/NQO1st_Tam2nd/esophagus_NQO 1st,esophagus,False,?,,3&4,,First,,
AL860F,tongue AL860F,Exp3&4_NQO_TAM/NQO1st_Tam2nd/tongue_NQO 1st,tongue,False,F/F,,3&4,,First,,
AL860F,eso AL860F,Exp3&4_NQO_TAM/NQO1st_Tam2nd/esophagus_NQO 1st,esophagus,False,F/F,,3&4,,First,,
AL682F,tongue AL682F,Exp3&4_NQO_TAM/NQO1st_Tam2nd/tongue_NQO 1st,tongue,False,F/F,,3&4,,First,,
AL888M,tongue AL888M,Exp3&4_NQO_TAM/NQO1st_Tam2nd/tongue_NQO 1st,tongue,False,F/+,,3&4,,First,,
AL888M,eso AL888M,Exp3&4_NQO_TAM/NQO1st_Tam2nd/esophagus_NQO 1st,esophagus,False,F/+,,3&4,,First,,
AL948M,tongue AL948M,Exp3&4_NQO_TAM/NQO1st_Tam2nd/tongue_NQO 1st,tongue,False,F/F,,3&4,,First,,
AL948M,eso AL948M,Exp3&4_NQO_TAM/NQO1st_Tam2nd/esophagus_NQO 1st,esophagus,False,F/F,,3&4,,First,,
AL699F,tongue AL699F,Exp3&4_NQO_TAM/NQO1st_Tam2nd/tongue_NQO 1st,tongue,False,F/+,,3&4,,First,,
AL699F,eso AL699F,Exp3&4_NQO_TAM/NQO1st_Tam2nd/esophagus_NQO 1st,esophagus,False,F/+,,3&4,,First,,
AL874F,tongue AL874F,Exp3&4_NQO_TAM/NQO1st_Tam2nd/tongue_NQO 1st,tongue,False,F/F,,3&4,,First,,
AL874F,eso AL874F,Exp3&4_NQO_TAM/NQO1st_Tam2nd/esophagus_NQO 1st,esophagus,False,F/F,,3&4,,First,,
AL873F,tongue AL873F,Exp3&4_NQO_TAM/NQO1st_Tam2nd/tongue_NQO 1st,tongue,False,+/+,,3&4,,First,,
AL873F,eso AL873F,Exp3&4_NQO_TAM/NQO1st_Tam2nd/esophagus_NQO 1st,esophagus,False,+/+,,3&4,,First,,
AL944F,tongue AL944F,Exp3&4_NQO_TAM/NQO1st_Tam2nd/tongue_NQO 1st,tongue,False,F/+,,3&4,,First,,
AL944F,eso AL944F,Exp3&4_NQO_TAM/NQO1st_Tam2nd/esophagus_NQO 1st,esophagus,False,F/+,,3&4,,First,,
AL881F,tongue AL881F,Exp3&4_NQO_TAM/NQO1st_Tam2nd/tongue_NQO 1st,tongue,False,+/+,,3&4,,First,,
AL881F,eso AL881F,Exp3&4_NQO_TAM/NQO1st_Tam2nd/esophagus_NQO 1st,esophagus,False,+/+,,3&4,,First,,
AL883M,tongue AL883M,Exp3&4_NQO_TAM/NQO1st_Tam2nd/tongue_NQO 1st,tongue,False,F/+,,3&4,,First,,
AL883M,eso AL883M,Exp3&4_NQO_TAM/NQO1st_Tam2nd/esophagus_NQO 1st,esophagus,False,F/+,,3&4,,First,,
AL880F,tongue AL880F,Exp3&4_NQO_TAM/NQO1st_Tam2nd/tongue_NQO 1st,tongue,False,+/+,,3&4,,First,,
AL880F,eso AL880F,Exp3&4_NQO_TAM/NQO1st_Tam2nd/esophagus_NQO 1st,esophagus,False,+/+,,3&4,,First,,
AL861M,tongue AL861M,Exp3&4_NQO_TAM/NQO1st_Tam2nd/tongue_NQO 1st,tongue,False,F/F,,3&4,,First,,
AL861M,eso AL861M,Exp3&4_NQO_TAM/NQO1st_Tam2nd/esophagus_NQO 1st,esophagus,False,F/F,,3&4,,First,,
AL934F,tongue AL934F,Exp3&4_NQO_TAM/NQO1st_Tam2nd/tongue_NQO 1st,tongue,False,F/+,,3&4,,First,,
AL934F,eso AL934F,Exp3&4_NQO_TAM/NQO1st_Tam2nd/esophagus_NQO 1st,esophagus,False,F/+,,3&4,,First,,
AL857M,tongue AL857M,Exp3&4_NQO_TAM/NQO1st_Tam2nd/tongue_NQO 1st,tongue,False,F/+,,3&4,,First,,
AL857M,eso AL857M,Exp3&4_NQO_TAM/NQO1st_Tam2nd/esophagus_NQO 1st,esophagus,False,F/+,,3&4,,First,,
AL687M,tongue AL687M,Exp3&4_NQO_TAM/NQO1st_Tam2nd/tongue_NQO 1st,tongue,False,F/F,,3&4,,First,,
AL687M,eso AL687M,Exp3&4_NQO_TAM/NQO1st_Tam2nd/esophagus_NQO 1st,esophagus,False,F/F,,3&4,,First,,
AL859F,tongue AL859F,Exp3&4_NQO_TAM/NQO1st_Tam2nd/tongue_NQO 1st,tongue,False,F/F,,3&4,,First,,
AL859F,eso AL859F,Exp3&4_NQO_TAM/NQO1st_Tam2nd/esophagus_NQO 1st,esophagus,False,F/F,,3&4,,First,,
AL941F,tongue AL941F,Exp3&4_NQO_TAM/NQO1st_Tam2nd/tongue_NQO 1st,tongue,False,F/F,,3&4,,First,,
AL941F,eso AL941F,Exp3&4_NQO_TAM/NQO1st_Tam2nd/esophagus_NQO 1st,esophagus,False,F/F,,3&4,,First,,
AL890M,tongue AL890M,Exp3&4_NQO_TAM/NQO1st_Tam2nd/tongue_NQO 1st,tongue,False,F/F,,3&4,,First,,
AL890M,eso AL890M,Exp3&4_NQO_TAM/NQO1st_Tam2nd/esophagus_NQO 1st,esophagus,False,F/F,,3&4,,First,,
AL950M,tongue AL950M,Exp3&4_NQO_TAM/NQO1st_Tam2nd/tongue_NQO 1st,tongue,False,F/F,,3&4,,First,,
AL950M,eso AL950M,Exp3&4_NQO_TAM/NQO1st_Tam2nd/esophagus_NQO 1st,esophagus,False,F/F,,3&4,,First,,
AL681F,tongue AL681F,Exp3&4_NQO_TAM/NQO1st_Tam2nd/tongue_NQO 1st,tongue,False,F/+,,3&4,,First,,
AL681F,eso AL681F,Exp3&4_NQO_TAM/NQO1st_Tam2nd/esophagus_NQO 1st,esophagus,False,F/+,,3&4,,First,,
AL886M,tongue AL886M,Exp3&4_NQO_TAM/NQO1st_Tam2nd/tongue_NQO 1st,tongue,False,F/F,,3&4,,First,,
AL886M,eso AL886M,Exp3&4_NQO_TAM/NQO1st_Tam2nd/esophagus_NQO 1st,esophagus,False,F/F,,3&4,,First,,
AL680F,tongue AL680F,Exp3&4_NQO_TAM/NQO1st_Tam2nd/tongue_NQO 1st,tongue,False,F/+,,3&4,,First,,
AL680F,eso AL680F,Exp3&4_NQO_TAM/NQO1st_Tam2nd/esophagus_NQO 1st,esophagus,False,F/+,,3&4,,First,,
AL878M,tongue AL878M,Exp3&4_NQO_TAM/NQO1st_Tam2nd/tongue_NQO 1st,tongue,False,F/+,,3&4,,First,,
AL878M,eso AL878M,Exp3&4_NQO_TAM/NQO1st_Tam2nd/esophagus_NQO 1st,esophagus,False,F/+,,3&4,,First,,
AL862M,eso AL862M,Exp3&4_NQO_TAM/NQO1st_Tam2nd/esophagus_NQO 1st,esophagus,False,F/+,,3&4,,First,,
AL862M,tongue AL862M,Exp3&4_NQO_TAM/NQO_Tam together/tongue NQO Tam together,tongue,False,F/+,,3&4,,First,,
AL869M,eso AL869M,Exp3&4_NQO_TAM/NQO1st_Tam2nd/esophagus_NQO 1st,esophagus,False,F/F,,3&4,,First,,
AM037F,tongue AM037F,Exp3&4_NQO_TAM/NQO_Tam together/tongue NQO Tam together,tongue,False,F/F,,3&4,,Second,,
AM137M,tongue AM137M,Exp3&4_NQO_TAM/NQO_Tam together/tongue NQO Tam together,tongue,False,F/+,,3&4,,Second,,
AM137M,eso AM137M,Exp3&4_NQO_TAM/NQO_Tam together/esophagus NQO Tam together,esophagus,False,F/+,,3&4,,Second,,
AL994F,tongue AL994F,Exp3&4_NQO_TAM/NQO_Tam together/tongue NQO Tam together,tongue,False,+/+,,3&4,,Second,,
AL994F,eso AL994F,Exp3&4_NQO_TAM/NQO_Tam together/esophagus NQO Tam together,esophagus,False,+/+,,3&4,,Second,,
AL991M,tongue AL991M,Exp3&4_NQO_TAM/NQO_Tam together/tongue NQO Tam together,tongue,False,F/F,,3&4,,Second,,
AL991M,eso AL991M,Exp3&4_NQO_TAM/NQO_Tam together/esophagus NQO Tam together,esophagus,False,F/F,,3&4,,Second,,
AM004M,tongue AM004M,Exp3&4_NQO_TAM/NQO_Tam together/tongue NQO Tam together,tongue,False,+/+,,3&4,,Second,,
AM004M,eso AM004M,Exp3&4_NQO_TAM/NQO_Tam together/esophagus NQO Tam together,esophagus,False,+/+,,3&4,,Second,,
AM183F,tongue AM183F,Exp3&4_NQO_TAM/NQO_Tam together/tongue NQO Tam together,tongue,False,F/F,,3&4,,Second,,
AM183F,eso AM183F,Exp3&4_NQO_TAM/NQO_Tam together/esophagus NQO Tam together,esophagus,False,F/F,,3&4,,Second,,
AL952F,tongue AL952F,Exp3&4_NQO_TAM/NQO_Tam together/tongue NQO Tam together,tongue,False,F/+,,3&4,,Second,,
AL952F,eso AL952F,Exp3&4_NQO_TAM/NQO_Tam together/esophagus NQO Tam together,esophagus,False,F/+,,3&4,,Second,,
AM001F,tongue AM001F,Exp3&4_NQO_TAM/NQO_Tam together/tongue NQO Tam together,tongue,False,F/F,,3&4,,Second,,
AM001F,eso AM001F,Exp3&4_NQO_TAM/NQO_Tam together/esophagus NQO Tam together,esophagus,False,F/F,,3&4,,Second,,
AL957M,tongue AL957M,Exp3&4_NQO_TAM/NQO_Tam together/tongue NQO Tam together,tongue,False,F/+,,3&4,,Second,,
AL957M,eso AL957M,Exp3&4_NQO_TAM/NQO_Tam together/esophagus NQO Tam together,esophagus,False,F/+,,3&4,,Second,,
AM036F,tongue AM036F,Exp3&4_NQO_TAM/NQO_Tam together/tongue NQO Tam together,tongue,False,F/+,,3&4,,Second,,
AM036F,eso AM036F,Exp3&4_NQO_TAM/NQO_Tam together/esophagus NQO Tam together,esophagus,False,F/+,,3&4,,Second,,
AL955M,tongue AL955M,Exp3&4_NQO_TAM/NQO_Tam together/tongue NQO Tam together,tongue,False,F/+,,3&4,,Second,,
AL955M,eso AL955M,Exp3&4_NQO_TAM/NQO_Tam together/esophagus NQO Tam together,esophagus,False,F/+,,3&4,,Second,,
AL962M,tongue AL962M,Exp3&4_NQO_TAM/NQO_Tam together/tongue NQO Tam together,tongue,False,F/F,,3&4,,Second,,
AM133M,tongue AM133M,Exp3&4_NQO_TAM/NQO_Tam together/tongue NQO Tam together,tongue,False,F/+,,3&4,,Second,,
AM133M,eso AM133M,Exp3&4_NQO_TAM/NQO_Tam together/esophagus NQO Tam together,esophagus,False,F/+,,3&4,,Second,,
AM131M,tongue AM131M,Exp3&4_NQO_TAM/NQO_Tam together/tongue NQO Tam together,tongue,False,F/F,,3&4,,Second,,
AM131M,eso AM131M,Exp3&4_NQO_TAM/NQO_Tam together/esophagus NQO Tam together,esophagus,False,F/F,,3&4,,Second,,
AM035F,tongue AM035F,Exp3&4_NQO_TAM/NQO_Tam together/tongue NQO Tam together,tongue,False,F/+,,3&4,,Second,,
AM035F,eso AM035F,Exp3&4_NQO_TAM/NQO_Tam together/esophagus NQO Tam together,esophagus,False,F/+,,3&4,,Second,,
AL953F,tongue AL953F,Exp3&4_NQO_TAM/NQO_Tam together/tongue NQO Tam together,tongue,False,F/F,,3&4,,Second,,
AL953F,eso AL953F,Exp3&4_NQO_TAM/NQO_Tam together/esophagus NQO Tam together,esophagus,False,F/F,,3&4,,Second,,
AM076M,tongue AM076M,Exp3&4_NQO_TAM/NQO_Tam together/tongue NQO Tam together,tongue,False,F/F,,3&4,,Second,,
AM076M,eso AM076M,Exp3&4_NQO_TAM/NQO_Tam together/esophagus NQO Tam together,esophagus,False,F/F,,3&4,,Second,,
,tongue 1NT M,Exp3&4_NQO_TAM/NQO_Tam together/tongue NQO Tam together,tongue,False,,,,,,,
,eso 1NT M,Exp3&4_NQO_TAM/NQO_Tam together/esophagus NQO Tam together,esophagus,False,,,,,,,
AL939M,tongue AL939M,Exp3&4_NQO_TAM/NQO_Tam together/tongue NQO Tam together,tongue,False,F/+,,3&4,,Second,,
AL939M,eso AL939M,Exp3&4_NQO_TAM/NQO_Tam together/esophagus NQO Tam together,esophagus,False,F/+,,3&4,,Second,,
AM127M,tongue AM127M,Exp3&4_NQO_TAM/NQO_Tam together/tongue NQO Tam together,tongue,False,F/F,,3&4,,Second,,
AM127M,eso AM127M,Exp3&4_NQO_TAM/NQO_Tam together/esophagus NQO Tam together,esophagus,False,F/F,,3&4,,Second,,
AL929F,tongue AL929F,Exp3&4_NQO_TAM/NQO_Tam together/tongue NQO Tam together,tongue,False,F/+,,3&4,,Second,,
AL929F,eso AL929F,Exp3&4_NQO_TAM/NQO_Tam together/esophagus NQO Tam together,esophagus,False,F/+,,3&4,,Second,,
AK686F,tongue AK686F,Exp3&4_NQO_TAM/NQO_Tam together/tongue NQO Tam together,tongue,False,F/+,,3&4,,Second,,
AK686F,eso AK686F,Exp3&4_NQO_TAM/NQO_Tam together/esophagus NQO Tam together,esophagus,False,F/+,,3&4,,Second,,
AM073F,tongue AM073F,Exp3&4_NQO_TAM/NQO_Tam together/tongue NQO Tam together,tongue,False,F/+,,3&4,,Second,,
AM073F,eso AM073F,Exp3&4_NQO_TAM/NQO_Tam together/esophagus NQO Tam together,esophagus,False,F/+,,3&4,,Second,,
AL937M,tongue AL937M,Exp3&4_NQO_TAM/NQO_Tam together/tongue NQO Tam together,tongue,False,F/+,,3&4,,Second,,
AL937M,eso AL937M,Exp3&4_NQO_TAM/NQO_Tam together/esophagus NQO Tam together,esophagus,False,F/+,,3&4,,Second,,
AL963M,tongue AL963M,Exp3&4_NQO_TAM/NQO_Tam together/tongue NQO Tam together,tongue,False,F/F,,3&4,,Second,,
AL963M,eso AL963M,Exp3&4_NQO_TAM/NQO_Tam together/esophagus NQO Tam together,esophagus,False,F/F,,3&4,,Second,,
AM188M,tongue AM188M,Exp3&4_NQO_TAM/NQO_Tam together/tongue NQO Tam together,tongue,False,F/F,,3&4,,Second,,
AM188M,eso AM188M,Exp3&4_NQO_TAM/NQO_Tam together/esophagus NQO Tam together,esophagus,False,F/F,,3&4,,Second,,
AL951F,tongue AL951F,Exp3&4_NQO_TAM/NQO_Tam together/tongue NQO Tam together,tongue,False,F/+,,3&4,,Second,,
AL951F,eso AL951F,Exp3&4_NQO_TAM/NQO_Tam together/esophagus NQO Tam together,esophagus,False,F/+,,3&4,,Second,,
AM130F,tongue AM130F,Exp3&4_NQO_TAM/NQO_Tam together/tongue NQO Tam together,tongue,False,F/F,,3&4,,Second,,
AM130F,eso AM130F,Exp3&4_NQO_TAM/NQO_Tam together/esophagus NQO Tam together,esophagus,False,F/F,,3&4,,Second,,
AM136M,tongue AM136M,Exp3&4_NQO_TAM/NQO_Tam together/tongue NQO Tam together,tongue,False,F/+,,3&4,,Second,,
AM136M,eso AM136M,Exp3&4_NQO_TAM/NQO_Tam together/esophagus NQO Tam together,esophagus,False,F/+,,3&4,,Second,,
AL997F,tongue AL997F,Exp3&4_NQO_TAM/NQO_Tam together/tongue NQO Tam together,tongue,False,+/+,,3&4,,Second,,
AL997F,eso AL997F,Exp3&4_NQO_TAM/NQO_Tam together/esophagus NQO Tam together,esophagus,False,+/+,,3&4,,Second,,
AL995F,tongue AL995F,Exp3&4_NQO_TAM/NQO_Tam together/tongue NQO Tam together,tongue,False,F/+,,3&4,,Second,,
AL995F,eso AL995F,Exp3&4_NQO_TAM/NQO_Tam together/esophagus NQO Tam together,esophagus,False,F/+,,3&4,,Second,,
AL992M,tongue AL992M,Exp3&4_NQO_TAM/NQO_Tam together/tongue NQO Tam together,tongue,False,F/+,,3&4,,Second,,
AL992M,eso AL992M,Exp3&4_NQO_TAM/NQO_Tam together/esophagus NQO Tam together,esophagus,False,F/+,,3&4,,Second,,
AL956M,tongue AL956M,Exp3&4_NQO_TAM/NQO_Tam together/tongue NQO Tam together,tongue,False,+/+,,3&4,,Second,,
AL956M,eso AL956M,Exp3&4_NQO_TAM/NQO_Tam together/esophagus NQO Tam together,esophagus,False,+/+,,3&4,,Second,,
AL940M,tongue AL940M,Exp3&4_NQO_TAM/NQO_Tam together/tongue NQO Tam together,tongue,False,F/F,,3&4,,Second,,
AL940M,eso AL940M,Exp3&4_NQO_TAM/NQO_Tam together/esophagus NQO Tam together,esophagus,False,F/F,,3&4,,Second,,
AL959F,tongue AL959F,Exp3&4_NQO_TAM/NQO_Tam together/tongue NQO Tam together,tongue,False,+/+,,3&4,,Second,,
AL959F,eso AL959F,Exp3&4_NQO_TAM/NQO_Tam together/esophagus NQO Tam together,esophagus,False,+/+,,3&4,,Second,,
AL961M,tongue AL961M,Exp3&4_NQO_TAM/NQO_Tam together/tongue NQO Tam together,tongue,False,+/+,,3&4,,Second,,
AL961M,eso AL961M,Exp3&4_NQO_TAM/NQO_Tam together/esophagus NQO Tam together,esophagus,False,+/+,,3&4,,Second,,
AM072F,tongue AM072F,Exp3&4_NQO_TAM/NQO_Tam together/tongue NQO Tam together,tongue,False,F/+,,3&4,,Second,,
AM072F,eso AM072F,Exp3&4_NQO_TAM/NQO_Tam together/esophagus NQO Tam together,esophagus,False,F/+,,3&4,,Second,,
AL990M,tongue AL990M,Exp3&4_NQO_TAM/NQO_Tam together/tongue NQO Tam together,tongue,False,F/+,,3&4,,Second,,
AL990M,eso AL990M,Exp3&4_NQO_TAM/NQO_Tam together/esophagus NQO Tam together,esophagus,False,F/+,,3&4,,Second,,
AM007M,tongue AM007M,Exp3&4_NQO_TAM/NQO_Tam together/tongue NQO Tam together,tongue,False,F/+,,3&4,,Second,,
AM007M,eso AM007M,Exp3&4_NQO_TAM/NQO_Tam together/esophagus NQO Tam together,esophagus,False,F/+,,3&4,,Second,,
AL998F,tongue AL998F,Exp3&4_NQO_TAM/NQO_Tam together/tongue NQO Tam together,tongue,False,F/F,,3&4,,Second,,
AL998F,eso AL998F,Exp3&4_NQO_TAM/NQO_Tam together/esophagus NQO Tam together,esophagus,False,F/F,,3&4,,Second,,
AM003M,tongue AM003M,Exp3&4_NQO_TAM/NQO_Tam together/tongue NQO Tam together,tongue,False,F/+,,3&4,,Second,,
AM003M,eso AM003M,Exp3&4_NQO_TAM/NQO_Tam together/esophagus NQO Tam together,esophagus,False,F/+,,3&4,,Second,,
AL954F,tongue AL954F,Exp3&4_NQO_TAM/NQO_Tam together/tongue NQO Tam together,tongue,False,F/+,,3&4,,Second,,
AL954F,eso AL954F,Exp3&4_NQO_TAM/NQO_Tam together/esophagus NQO Tam together,esophagus,False,F/+,,3&4,,Second,,
AM129F,tongue AM129F,Exp3&4_NQO_TAM/NQO_Tam together/tongue NQO Tam together,tongue,False,F/F,,3&4,,Second,,
AM129F,eso AM129F,Exp3&4_NQO_TAM/NQO_Tam together/esophagus NQO Tam together,esophagus,False,F/F,,3&4,,Second,,
AK680F,tongue AK680F,Exp3&4_NQO_TAM/NQO_Tam together/tongue NQO Tam together,tongue,False,F/+,,3&4,,Second,,
AK680F,eso AK680F,Exp3&4_NQO_TAM/NQO_Tam together/esophagus NQO Tam together,esophagus,False,F/+,,3&4,,Second,,
AM126M,tongue AM126M,Exp3&4_NQO_TAM/NQO_Tam together/tongue NQO Tam together,tongue,False,F/F,,3&4,,Second,,
AM126M,eso AM126M,Exp3&4_NQO_TAM/NQO_Tam together/esophagus NQO Tam together,esophagus,False,F/F,,3&4,,Second,,
AL993F,tongue AL993F,Exp3&4_NQO_TAM/NQO_Tam together/tongue NQO Tam together,tongue,False,F/F,,3&4,,Second,,
AL993F,eso AL993F,Exp3&4_NQO_TAM/NQO_Tam together/esophagus NQO Tam together,esophagus,False,F/F,,3&4,,Second,,
AL936M,tongue AL936M,Exp3&4_NQO_TAM/NQO_Tam together/tongue NQO Tam together,tongue,False,F/F,,3&4,,Second,,
AL936M,eso AL936M,Exp3&4_NQO_TAM/NQO_Tam together/esophagus NQO Tam together,esophagus,False,F/F,,3&4,,Second,,
AM074M,tongue AM074M,Exp3&4_NQO_TAM/NQO_Tam together/tongue NQO Tam together,tongue,False,F/F,,3&4,,Second,,
AM074M,eso AM074M,Exp3&4_NQO_TAM/NQO_Tam together/esophagus NQO Tam together,esophagus,False,F/F,,3&4,,Second,,
AM134M,tongue AM134M,Exp3&4_NQO_TAM/NQO_Tam together/tongue NQO Tam together,tongue,False,F/+,,3&4,,Second,,
AM134M,eso AM134M,Exp3&4_NQO_TAM/NQO_Tam together/esophagus NQO Tam together,esophagus,False,F/+,,3&4,,Second,,
AL938M,tongue AL938M,Exp3&4_NQO_TAM/NQO_Tam together/tongue NQO Tam together,tongue,False,F/F,,3&4,,Second,,
AL938M,eso AL938M,Exp3&4_NQO_TAM/NQO_Tam together/esophagus NQO Tam together,esophagus,False,F/F,,3&4,,Second,,
AM038M,tongue AM038M,Exp3&4_NQO_TAM/NQO_Tam together/tongue NQO Tam together,tongue,False,+/+,,3&4,,Second,,
AM038M,eso AM038M,Exp3&4_NQO_TAM/NQO_Tam together/esophagus NQO Tam together,esophagus,False,+/+,,3&4,,Second,,
AM000F,tongue AM000F,Exp3&4_NQO_TAM/NQO_Tam together/tongue NQO Tam together,tongue,False,F/+,,3&4,,Second,,
AM000F,eso AM000F,Exp3&4_NQO_TAM/NQO_Tam together/esophagus NQO Tam together,esophagus,False,F/+,,3&4,,Second,,
AM037M,eso AM037M,Exp3&4_NQO_TAM/NQO_Tam together/esophagus NQO Tam together,esophagus,False,,,,,,,
AF104F,,,,,F/+,Tg,0.0,,Exp1,,
AF107F,,,,,F/+,Tg,0.0,,Exp1,,
AF109F,,,,,F/F,Tg,0.0,,Exp1,,
AF112M,,,,,F/F,Tg,0.0,no corresponding .svs file,Exp1,,
AF243F,,,,,F/F,Tg,0.0,no corresponding .svs file,Exp1,,
AF245M,,,,,F/F,Tg,0.0,no corresponding .svs file,Exp1,,
AF246M,,,,,F/F,Tg,0.0,no corresponding .svs file,Exp1,,
AF247M,,,,,F/F,Tg,0.0,no corresponding .svs file,Exp1,,
AF249F,,,,,F/F,Tg,0.0,no corresponding .svs file,Exp1,,
AF252F,,,,,F/F,Tg,0.0,,Exp1,,
AF261M,,,,,F/F,Tg,0.0,no corresponding .svs file,Exp1,,
AF265F,,,,,F/F,Tg,0.0,,Exp1,,
AF269M,,,,,F/F,Tg,0.0,no corresponding .svs file,Exp1,,
AG018F,,,,,F/F,Tg,1.0,no corresponding .svs file,Exp1,,
AG019F,,,,,F/F,Tg,1.0,no corresponding .svs file,Exp1,,
AG023F,,,,,F/+,Tg,1.0,no corresponding .svs file,Exp1,,
AG024M,,,,,F/F,Tg,1.0,no corresponding .svs file,Exp1,,
AG025M,,,,,F/+,Tg,1.0,no corresponding .svs file,Exp1,,
AG027M,,,,,F/F,Tg,1.0,no corresponding .svs file,Exp1,,
AG029M,,,,,F/F,Tg,1.0,no corresponding .svs file,Exp1,,
AG030M,,,,,F/+,Tg,1.0,no corresponding .svs file,Exp1,,
AG109F,,,,,F/+,Tg,1.0,no corresponding .svs file,Exp1,,
AG111M,,,,,F/F,Tg,1.0,no corresponding .svs file,Exp1,,
AG114M,,,,,F/F,Tg,1.0,no corresponding .svs file,Exp1,,
AG988F,,,,,F/F,Tg,2.0,no corresponding .svs file,Exp2,,
AH064F,,,,,F/F,Tg,2.0,no corresponding .svs file,Exp2,,
AH065F,,,,,F/+,Tg,2.0,no corresponding .svs file,Exp2,,
AH069F,,,,,F/+,Tg,2.0,no corresponding .svs file,Exp2,,
AH209F,,,,,F/F,Tg,2.0,no corresponding .svs file,Exp2,,
AJ487M,,,,,F/F,,,,Exp3,,
AJ488M,,,,,F/F,,,,Exp3,,
AJ565F,,,,,F/F,,,,Exp3,,
AJ566F,,,,,F/F,,,,Exp3,,
AJ567F,,,,,F/+,,,,Exp3,,
AJ568M,,,,,F/+,,,,Exp3,,
AJ569M,,,,,F/+,,,,Exp3,,
AJ570M,,,,,F/F,,,,Exp3,,
AJ571M,,,,,F/+,,,,Exp3,,
AJ573M,,,,,F/+,,,,Exp3,,
AJ574M,,,,,F/F,,,,Exp3,,
AJ575M,,,,,F/F,,,,Exp3,,
AJ576M,,,,,F/+,,,,Exp3,,
AJ577M,,,,,F/+,,,,Exp3,,
AL877M,,,,,+/+,,3&4,,First,,
AL932F,,,,,F/+,,3&4,,First,,
AL950+1M,,,,,F/F,,3&4,,First,,
AL935F,,,,,F/F,,3&4,,Second,,
AL942F,,,,,F/F,,3&4,,Second,,
AM006M,,,,,F/+,,3&4,,Second,,
AM008M,,,,,F/F,,3&4,,Second,,
AL996F,,,,,F/+,,3&4,,Second,,
AM002FNT?,,,,,F/F,,3&4,,Second,,
AM071F,,,,,F/+,,3&4,,Second,,
AM075M,,,,,F/F,,3&4,,Second,,
