slide,animal_id,status,experiment,genotype
AF102F,AF102F,done,exp1,F/F
AF104,AF104F,done,exp1,F/+
AF107,AF107F,done,exp1,F/+
AF109,AF109F,done,exp1,F/F
AF110F,AF110F,done,exp1,F/+
AF113M,AF113M,done,exp1,F/+
AF130F,AF130F,done,exp1,F/F
AF135M,AF135M,done,exp1,F/+
AF136M,AF136M,done,exp1,F/+
AF238F,AF238F,done,exp1,F/+
AF239F,AF239F,done,exp1,F/+
AF252,AF252F,done,exp1,F/F
AF254F,AF254F,done,exp1,F/+
AF257M,AF257M,done,exp1,F/F
AF259M,AF259M,done,exp1,F/+
AF267F,AF267F,done,exp1,F/F
AF271M,AF271M,done,exp1,F/+
AF406M,AF406M,done,exp1,F/F
AF434F,AF434F,done,exp1,F/F
AF436M,AF436M,done,exp1,F/+
AG016F,AG016F,done,exp1,F/+
AG020F,AG020F,done,exp1,F/+
AG032F,AG032F,done,exp1,F/F
AG033F,AG033F,done,exp1,F/+
AG034F,AG034F,done,exp1,F/F
AG036F,AG036F,done,exp1,F/+
AG037F,AG037F,done,exp1,F/F
AG039F,AG039F,done,exp1,F/F
AG040F,AG040F,done,exp1,F/+
AG041M,AG041M,done,exp1,F/+
AG042M,AG042M,done,exp1,F/+
AG043M,AG043M,done,exp1,F/F
AG045M,AG045M,done,exp1,F/F
AG046M,AG046M,done,exp1,F/+
AG108F,AG108F,done,exp1,F/+
AG110F,AG110F,done,exp1,F/F
AG112M,AG112M,done,exp1,F/F
AG113M,AG113M,done,exp1,F/+
AG115M,AG115M,done,exp1,F/F
AG118M,AG118M,done,exp1,F/+
AG119M,AG119M,done,#N/A,#N/A
AG120M,AG120M,done,exp1,F/F
AG121M,AG121M,done,exp1,F/+
AG187F,AG187F,done,exp1,F/F
AG189F,AG189F,done,exp1,F/F
AG190F,AG190F,done,exp1,F/F
AG191F,AG191F,done,exp1,F/+
AG192M,AG192M,done,exp1,F/F
AG243F,AG243F,done,exp1,0
AG246F,AG246F,done,exp1,F/+
AG255F,AG255F,done,exp1,F/F
AG256F,AG256F,done,exp1,0
AG263M,AG263M,done,exp1,F/F
AG264M,AG264M,done,exp1,F/F
AG985F,AG985F,done,exp2,F/F
AG986F,AG986F,done,exp2,F/F
AG987F,AG987F,done,exp2,F/+
AG991M,AG991M,done,exp2,F/F
AH063F,AH063F,done,exp2,F/+
AH073M,AH073M,done,exp2,F/F
AH074M,AH074M,done,exp2,F/F
AH139F,AH139F,done,exp2,F/F
AH141F,AH141F,done,exp2,F/+
AH142F,AH142F,done,exp2,F/F
AH145M,AH145M,done,exp2,F/F
AH146M,AH146M,done,exp2,F/+
AH210F,AH210F,done,exp2,F/+
AH211F,AH211F,done,exp2,F/F
AH212F,AH212F,done,exp2,F/F
AH213F,AH213F,done,exp2,F/+
AH215M,AH215M,done,exp2,F/+
AJ391M,AJ391M,done,#N/A,#N/A
AJ392M,AJ392M,done,#N/A,#N/A
AJ393M,AJ393M,done,exp3,F/F
AJ395M,AJ395M,done,exp3,F/F
AJ396M,AJ396M,done,exp3,F/+
AJ404M,AJ404M,done,exp3,F/+
AJ406M,AJ406M,done,exp3,F/F
AJ407M,AJ407M,done,exp3,F/+
AJ409M,AJ409M,done,exp3,F/+
AJ483F,AJ483F,done,exp3,F/+
AJ572M,AJ572M,done,exp3,F/F
AJ578M,AJ578M,done,exp3,F/F
AJ583M,AJ583M,done,exp3,F/F
