roi_name,label,x_base,y_base
ROI_0,Hyperkeratosis,17037,3815
ROI_0,Hyperkeratosis,17045,3807
ROI_0,Hyperkeratosis,17330,3799
ROI_0,Hyperkeratosis,17338,3791
ROI_0,Hyperkeratosis,17393,3791
ROI_0,Hyperkeratosis,17401,3783
ROI_0,Hyperkeratosis,17843,3775
ROI_0,Hyperkeratosis,17851,3783
ROI_0,Hyperkeratosis,17938,3783
ROI_0,Hyperkeratosis,17946,3791
ROI_0,Hyperkeratosis,18033,3791
ROI_0,Hyperkeratosis,18041,3799
ROI_0,Hyperkeratosis,18096,3799
ROI_0,Hyperkeratosis,18104,3807
ROI_0,Hyperkeratosis,18159,3810
ROI_0,Hyperkeratosis,18110,2843
ROI_0,Hyperkeratosis,18096,2843
ROI_0,Hyperkeratosis,18001,2812
ROI_0,Hyperkeratosis,17954,2812
ROI_0,Hyperkeratosis,17946,2804
ROI_0,Hyperkeratosis,17859,2796
ROI_0,Hyperkeratosis,17772,2764
ROI_0,Hyperkeratosis,17693,2756
ROI_0,Hyperkeratosis,17646,2740
ROI_0,Hyperkeratosis,17266,2733
ROI_0,Hyperkeratosis,17259,2740
ROI_0,Hyperkeratosis,17172,2740
ROI_0,Hyperkeratosis,17164,2748
ROI_0,Hyperkeratosis,16919,2748
ROI_0,Hyperkeratosis,16911,2756
ROI_0,Hyperkeratosis,16840,2756
ROI_0,Hyperkeratosis,16832,2764
ROI_0,Hyperkeratosis,16777,2764
ROI_0,Hyperkeratosis,16769,2772
ROI_0,Hyperkeratosis,16635,2772
ROI_0,Hyperkeratosis,16627,2764
ROI_0,Hyperkeratosis,16579,2764
ROI_0,Hyperkeratosis,16500,2733
ROI_0,Hyperkeratosis,16493,2733
ROI_0,Hyperkeratosis,16548,3820
ROI_0,Hyperkeratosis,17037,3815
ROI_2,Mild,12472,32898
ROI_2,Mild,12417,32875
ROI_2,Mild,12353,32819
ROI_2,Mild,12290,32780
ROI_2,Mild,12195,32748
ROI_2,Mild,12172,32733
ROI_2,Mild,12132,32725
ROI_2,Mild,12085,32693
ROI_2,Mild,11990,32661
ROI_2,Mild,11974,32646
ROI_2,Mild,11927,32638
ROI_2,Mild,11895,32622
ROI_2,Mild,11872,32622
ROI_2,Mild,11800,32582
ROI_2,Mild,11753,32575
ROI_2,Mild,11635,32519
ROI_2,Mild,11611,32519
ROI_2,Mild,11587,32503
ROI_2,Mild,11548,32496
ROI_2,Mild,11469,32456
ROI_2,Mild,11358,32424
ROI_2,Mild,11327,32401
ROI_2,Mild,11303,32401
ROI_2,Mild,11295,32393
ROI_2,Mild,11145,32377
ROI_2,Mild,11137,32369
ROI_2,Mild,11097,32369
ROI_2,Mild,11058,32353
ROI_2,Mild,11003,32353
ROI_2,Mild,10995,32345
ROI_2,Mild,10947,32345
ROI_2,Mild,10939,32338
ROI_2,Mild,10845,32338
ROI_2,Mild,10837,32330
ROI_2,Mild,10734,32330
ROI_2,Mild,10726,32322
ROI_2,Mild,10639,32322
ROI_2,Mild,10631,32314
ROI_2,Mild,10489,32306
ROI_2,Mild,10481,32298
ROI_2,Mild,10418,32290
ROI_2,Mild,10347,32266
ROI_2,Mild,10315,32266
ROI_2,Mild,10308,32259
ROI_2,Mild,10094,32251
ROI_2,Mild,10086,32243
ROI_2,Mild,10000,32243
ROI_2,Mild,9992,32235
ROI_2,Mild,9770,32235
ROI_2,Mild,9763,32243
ROI_2,Mild,9699,32243
ROI_2,Mild,9691,32251
ROI_2,Mild,9635,32257
ROI_2,Mild,9497,32813
ROI_2,Mild,9589,32819
ROI_2,Mild,9597,32827
ROI_2,Mild,9628,32827
ROI_2,Mild,9636,32835
ROI_2,Mild,9668,32835
ROI_2,Mild,9707,32851
ROI_2,Mild,9731,32851
ROI_2,Mild,9763,32867
ROI_2,Mild,9794,32867
ROI_2,Mild,9834,32883
ROI_2,Mild,9857,32883
ROI_2,Mild,9921,32930
ROI_2,Mild,9944,32938
ROI_2,Mild,10015,33017
ROI_2,Mild,10031,33056
ROI_2,Mild,10055,33064
ROI_2,Mild,10134,33135
ROI_2,Mild,10205,33167
ROI_2,Mild,10221,33183
ROI_2,Mild,10244,33183
ROI_2,Mild,10363,33222
ROI_2,Mild,10529,33317
ROI_2,Mild,10616,33325
ROI_2,Mild,10624,33333
ROI_2,Mild,10726,33333
ROI_2,Mild,10734,33325
ROI_2,Mild,10805,33317
ROI_2,Mild,10979,33199
ROI_2,Mild,10995,33199
ROI_2,Mild,11050,33167
ROI_2,Mild,11082,33167
ROI_2,Mild,11090,33159
ROI_2,Mild,11176,33159
ROI_2,Mild,11295,33199
ROI_2,Mild,11342,33222
ROI_2,Mild,11390,33262
ROI_2,Mild,11429,33309
ROI_2,Mild,11516,33349
ROI_2,Mild,11563,33380
ROI_2,Mild,11642,33404
ROI_2,Mild,11666,33420
ROI_2,Mild,11721,33420
ROI_2,Mild,11745,33428
ROI_2,Mild,11753,33420
ROI_2,Mild,11800,33420
ROI_2,Mild,11848,33404
ROI_2,Mild,11879,33404
ROI_2,Mild,11887,33396
ROI_2,Mild,11966,33396
ROI_2,Mild,12022,33420
ROI_2,Mild,12037,33436
ROI_2,Mild,12085,33459
ROI_2,Mild,12116,33499
ROI_2,Mild,12148,33515
ROI_2,Mild,12195,33562
ROI_2,Mild,12227,33570
ROI_2,Mild,12274,33601
ROI_2,Mild,12290,33625
ROI_2,Mild,12323,33639
ROI_2,Mild,12501,32922
ROI_2,Mild,12472,32898
ROI_1,Mild,26856,14921
ROI_1,Mild,26729,15015
ROI_1,Mild,26611,15142
ROI_1,Mild,26603,15173
ROI_1,Mild,26579,15213
ROI_1,Mild,26571,15355
ROI_1,Mild,26563,15363
ROI_1,Mild,26563,15434
ROI_1,Mild,26556,15442
ROI_1,Mild,26548,15489
ROI_1,Mild,26484,15608
ROI_1,Mild,26453,15639
ROI_1,Mild,26429,15687
ROI_1,Mild,26390,15726
ROI_1,Mild,26366,15774
ROI_1,Mild,26366,15779
ROI_1,Mild,26743,15989
ROI_1,Mild,26745,15987
ROI_1,Mild,26793,15939
ROI_1,Mild,26800,15939
ROI_1,Mild,26800,15932
ROI_1,Mild,26872,15868
ROI_1,Mild,26927,15805
ROI_1,Mild,26935,15781
ROI_1,Mild,26966,15750
ROI_1,Mild,27014,15679
ROI_1,Mild,27030,15639
ROI_1,Mild,27053,15616
ROI_1,Mild,27085,15505
ROI_1,Mild,27124,15418
ROI_1,Mild,27124,15394
ROI_1,Mild,27140,15347
ROI_1,Mild,27187,15260
ROI_1,Mild,27235,15205
ROI_1,Mild,27243,15205
ROI_1,Mild,27296,15156
ROI_1,Mild,26861,14915
ROI_1,Mild,26856,14921
ROI_6,Benign,40718,21097
ROI_6,Benign,40710,21105
ROI_6,Benign,40608,21105
ROI_6,Benign,40600,21113
ROI_6,Benign,40560,21113
ROI_6,Benign,40552,21121
ROI_6,Benign,40347,21121
ROI_6,Benign,40339,21129
ROI_6,Benign,40221,21137
ROI_6,Benign,40078,21184
ROI_6,Benign,40000,21192
ROI_6,Benign,39992,21200
ROI_6,Benign,39921,21208
ROI_6,Benign,39873,21224
ROI_6,Benign,39834,21224
ROI_6,Benign,39826,21232
ROI_6,Benign,39786,21232
ROI_6,Benign,39778,21240
ROI_6,Benign,39691,21255
ROI_6,Benign,39684,21263
ROI_6,Benign,39652,21263
ROI_6,Benign,39644,21271
ROI_6,Benign,39612,21271
ROI_6,Benign,39573,21287
ROI_6,Benign,39541,21287
ROI_6,Benign,39533,21295
ROI_6,Benign,39478,21295
ROI_6,Benign,39447,21311
ROI_6,Benign,39336,21327
ROI_6,Benign,39304,21342
ROI_6,Benign,39218,21358
ROI_6,Benign,39131,21390
ROI_6,Benign,39099,21390
ROI_6,Benign,39004,21437
ROI_6,Benign,38917,21453
ROI_6,Benign,38862,21477
ROI_6,Benign,38838,21477
ROI_6,Benign,38744,21516
ROI_6,Benign,38712,21516
ROI_6,Benign,38617,21563
ROI_6,Benign,38459,21595
ROI_6,Benign,38309,21650
ROI_6,Benign,38285,21650
ROI_6,Benign,38183,21698
ROI_6,Benign,38056,21737
ROI_6,Benign,38033,21753
ROI_6,Benign,37938,21777
ROI_6,Benign,37851,21832
ROI_6,Benign,37827,21832
ROI_6,Benign,37756,21864
ROI_6,Benign,37733,21864
ROI_6,Benign,37685,21879
ROI_6,Benign,37606,21919
ROI_6,Benign,37590,21919
ROI_6,Benign,37559,21943
ROI_6,Benign,37488,21966
ROI_6,Benign,37456,21966
ROI_6,Benign,37377,22006
ROI_6,Benign,37290,22030
ROI_6,Benign,37235,22069
ROI_6,Benign,37156,22093
ROI_6,Benign,37101,22124
ROI_6,Benign,37053,22140
ROI_6,Benign,37030,22140
ROI_6,Benign,37022,22148
ROI_6,Benign,36998,22148
ROI_6,Benign,36990,22156
ROI_6,Benign,36951,22156
ROI_6,Benign,36864,22203
ROI_6,Benign,36706,22227
ROI_6,Benign,36556,22282
ROI_6,Benign,36508,22290
ROI_6,Benign,36484,22306
ROI_6,Benign,36413,22330
ROI_6,Benign,36390,22330
ROI_6,Benign,36358,22345
ROI_6,Benign,36271,22361
ROI_6,Benign,36200,22385
ROI_6,Benign,36176,22385
ROI_6,Benign,36145,22401
ROI_6,Benign,36066,22417
ROI_6,Benign,36003,22448
ROI_6,Benign,35868,22472
ROI_6,Benign,35845,22488
ROI_6,Benign,35797,22496
ROI_6,Benign,35766,22511
ROI_6,Benign,35710,22519
ROI_6,Benign,35671,22535
ROI_6,Benign,35639,22535
ROI_6,Benign,35568,22567
ROI_6,Benign,35545,22567
ROI_6,Benign,35450,22598
ROI_6,Benign,35426,22598
ROI_6,Benign,35252,22661
ROI_6,Benign,35229,22661
ROI_6,Benign,35181,22677
ROI_6,Benign,35165,22693
ROI_6,Benign,35086,22725
ROI_6,Benign,35023,22733
ROI_6,Benign,34968,22756
ROI_6,Benign,34921,22764
ROI_6,Benign,34897,22780
ROI_6,Benign,34873,22780
ROI_6,Benign,34802,22804
ROI_6,Benign,34747,22835
ROI_6,Benign,34699,22851
ROI_6,Benign,34676,22851
ROI_6,Benign,34589,22898
ROI_6,Benign,34510,22914
ROI_6,Benign,34447,22946
ROI_6,Benign,34423,22946
ROI_6,Benign,34399,22962
ROI_6,Benign,34170,22993
ROI_6,Benign,34075,23025
ROI_6,Benign,34044,23025
ROI_6,Benign,34004,23041
ROI_6,Benign,33941,23048
ROI_6,Benign,33902,23064
ROI_6,Benign,33870,23088
ROI_6,Benign,33846,23088
ROI_6,Benign,33815,23104
ROI_6,Benign,33775,23104
ROI_6,Benign,33704,23127
ROI_6,Benign,33672,23127
ROI_6,Benign,33562,23167
ROI_6,Benign,33499,23175
ROI_6,Benign,33451,23199
ROI_6,Benign,33388,23206
ROI_6,Benign,33380,23214
ROI_6,Benign,33341,23214
ROI_6,Benign,33333,23222
ROI_6,Benign,33293,23222
ROI_6,Benign,33175,23262
ROI_6,Benign,33143,23262
ROI_6,Benign,33120,23278
ROI_6,Benign,33017,23293
ROI_6,Benign,32922,23341
ROI_6,Benign,32898,23341
ROI_6,Benign,32867,23357
ROI_6,Benign,32835,23357
ROI_6,Benign,32804,23372
ROI_6,Benign,32780,23372
ROI_6,Benign,32709,23404
ROI_6,Benign,32646,23420
ROI_6,Benign,32614,23443
ROI_6,Benign,32582,23451
ROI_6,Benign,32559,23467
ROI_6,Benign,32527,23467
ROI_6,Benign,32519,23475
ROI_6,Benign,32488,23475
ROI_6,Benign,32480,23483
ROI_6,Benign,32448,23483
ROI_6,Benign,32409,23499
ROI_6,Benign,32385,23499
ROI_6,Benign,32322,23530
ROI_6,Benign,32259,23546
ROI_6,Benign,32172,23593
ROI_6,Benign,32148,23593
ROI_6,Benign,32101,23609
ROI_6,Benign,32053,23633
ROI_6,Benign,31911,23680
ROI_6,Benign,31887,23680
ROI_6,Benign,31808,23720
ROI_6,Benign,31753,23720
ROI_6,Benign,31745,23728
ROI_6,Benign,31642,23736
ROI_6,Benign,31635,23744
ROI_6,Benign,31587,23751
ROI_6,Benign,31563,23767
ROI_6,Benign,31500,23783
ROI_6,Benign,31453,23807
ROI_6,Benign,31429,23830
ROI_6,Benign,31350,23862
ROI_6,Benign,31327,23862
ROI_6,Benign,31295,23878
ROI_6,Benign,31161,23886
ROI_6,Benign,31121,23902
ROI_6,Benign,31066,23909
ROI_6,Benign,31058,23917
ROI_6,Benign,31018,23917
ROI_6,Benign,30971,23933
ROI_6,Benign,30939,23933
ROI_6,Benign,30908,23949
ROI_6,Benign,30884,23949
ROI_6,Benign,30845,23973
ROI_6,Benign,30797,23988
ROI_6,Benign,30766,23988
ROI_6,Benign,30758,23996
ROI_6,Benign,30734,23996
ROI_6,Benign,30687,24012
ROI_6,Benign,30616,24044
ROI_6,Benign,30592,24044
ROI_6,Benign,30584,24052
ROI_6,Benign,30529,24052
ROI_6,Benign,30521,24060
ROI_6,Benign,30489,24060
ROI_6,Benign,30442,24075
ROI_6,Benign,30355,24115
ROI_6,Benign,30315,24123
ROI_6,Benign,30292,24146
ROI_6,Benign,30260,24154
ROI_6,Benign,30244,24170
ROI_6,Benign,30189,24194
ROI_6,Benign,30165,24218
ROI_6,Benign,30086,24249
ROI_6,Benign,30007,24320
ROI_6,Benign,29992,24360
ROI_6,Benign,29936,24415
ROI_6,Benign,29873,24447
ROI_6,Benign,29849,24470
ROI_6,Benign,29818,24478
ROI_6,Benign,29778,24502
ROI_6,Benign,29739,24510
ROI_6,Benign,29660,24549
ROI_6,Benign,29620,24557
ROI_6,Benign,29581,24597
ROI_6,Benign,29541,24612
ROI_6,Benign,29526,24628
ROI_6,Benign,29510,24628
ROI_6,Benign,29447,24668
ROI_6,Benign,29375,24691
ROI_6,Benign,29328,24723
ROI_6,Benign,29281,24731
ROI_6,Benign,29273,24739
ROI_6,Benign,29154,24731
ROI_6,Benign,29146,24723
ROI_6,Benign,29115,24723
ROI_6,Benign,29075,24707
ROI_6,Benign,29044,24707
ROI_6,Benign,29036,24699
ROI_6,Benign,28854,24699
ROI_6,Benign,28846,24691
ROI_6,Benign,28767,24684
ROI_6,Benign,28759,24676
ROI_6,Benign,28665,24676
ROI_6,Benign,28657,24668
ROI_6,Benign,28491,24660
ROI_6,Benign,28380,24620
ROI_6,Benign,28357,24620
ROI_6,Benign,28309,24605
ROI_6,Benign,28254,24573
ROI_6,Benign,28222,24573
ROI_6,Benign,28183,24557
ROI_6,Benign,28151,24557
ROI_6,Benign,28143,24549
ROI_6,Benign,27993,24533
ROI_6,Benign,27985,24526
ROI_6,Benign,27930,24526
ROI_6,Benign,27922,24518
ROI_6,Benign,27796,24518
ROI_6,Benign,27788,24526
ROI_6,Benign,27551,24526
ROI_6,Benign,27543,24533
ROI_6,Benign,27132,24533
ROI_6,Benign,27124,24526
ROI_6,Benign,27069,24526
ROI_6,Benign,27061,24533
ROI_6,Benign,26832,24541
ROI_6,Benign,26824,24549
ROI_6,Benign,26769,24549
ROI_6,Benign,26761,24557
ROI_6,Benign,26579,24557
ROI_6,Benign,26540,24573
ROI_6,Benign,26508,24573
ROI_6,Benign,26453,24597
ROI_6,Benign,26390,24644
ROI_6,Benign,26390,24652
ROI_6,Benign,26334,24707
ROI_6,Benign,26327,24731
ROI_6,Benign,26327,24802
ROI_6,Benign,26334,24810
ROI_6,Benign,26342,24889
ROI_6,Benign,26374,24944
ROI_6,Benign,26406,24976
ROI_6,Benign,26484,25023
ROI_6,Benign,26603,25055
ROI_6,Benign,26627,25071
ROI_6,Benign,26666,25078
ROI_6,Benign,26714,25102
ROI_6,Benign,26737,25102
ROI_6,Benign,26777,25118
ROI_6,Benign,26808,25118
ROI_6,Benign,26816,25126
ROI_6,Benign,26927,25126
ROI_6,Benign,26935,25134
ROI_6,Benign,26990,25134
ROI_6,Benign,26998,25142
ROI_6,Benign,27069,25150
ROI_6,Benign,27077,25157
ROI_6,Benign,27124,25157
ROI_6,Benign,27132,25165
ROI_6,Benign,27259,25165
ROI_6,Benign,27266,25173
ROI_6,Benign,27330,25173
ROI_6,Benign,27338,25181
ROI_6,Benign,27519,25181
ROI_6,Benign,27527,25189
ROI_6,Benign,27575,25189
ROI_6,Benign,27740,25244
ROI_6,Benign,27764,25244
ROI_6,Benign,27812,25260
ROI_6,Benign,27851,25284
ROI_6,Benign,27922,25292
ROI_6,Benign,27930,25300
ROI_6,Benign,28120,25300
ROI_6,Benign,28127,25292
ROI_6,Benign,28183,25292
ROI_6,Benign,28191,25284
ROI_6,Benign,28214,25284
ROI_6,Benign,28262,25268
ROI_6,Benign,28285,25252
ROI_6,Benign,28309,25252
ROI_6,Benign,28341,25236
ROI_6,Benign,28364,25236
ROI_6,Benign,28372,25229
ROI_6,Benign,28396,25229
ROI_6,Benign,28443,25213
ROI_6,Benign,28491,25189
ROI_6,Benign,28586,25181
ROI_6,Benign,28593,25173
ROI_6,Benign,28665,25173
ROI_6,Benign,28672,25165
ROI_6,Benign,28759,25165
ROI_6,Benign,28767,25173
ROI_6,Benign,28902,25181
ROI_6,Benign,28909,25189
ROI_6,Benign,28981,25197
ROI_6,Benign,28988,25205
ROI_6,Benign,29028,25205
ROI_6,Benign,29036,25213
ROI_6,Benign,29249,25213
ROI_6,Benign,29257,25205
ROI_6,Benign,29281,25205
ROI_6,Benign,29352,25165
ROI_6,Benign,29399,25157
ROI_6,Benign,29415,25142
ROI_6,Benign,29526,25086
ROI_6,Benign,29565,25047
ROI_6,Benign,29668,25000
ROI_6,Benign,29684,24984
ROI_6,Benign,29715,24976
ROI_6,Benign,29802,24921
ROI_6,Benign,29897,24873
ROI_6,Benign,29913,24873
ROI_6,Benign,29928,24857
ROI_6,Benign,30118,24794
ROI_6,Benign,30276,24778
ROI_6,Benign,30331,24747
ROI_6,Benign,30347,24747
ROI_6,Benign,30387,24723
ROI_6,Benign,30418,24715
ROI_6,Benign,30489,24660
ROI_6,Benign,30552,24644
ROI_6,Benign,30576,24628
ROI_6,Benign,30600,24628
ROI_6,Benign,30608,24620
ROI_6,Benign,30631,24620
ROI_6,Benign,30679,24605
ROI_6,Benign,30710,24589
ROI_6,Benign,30766,24541
ROI_6,Benign,30789,24533
ROI_6,Benign,30884,24431
ROI_6,Benign,30916,24415
ROI_6,Benign,30947,24383
ROI_6,Benign,31011,24360
ROI_6,Benign,31034,24360
ROI_6,Benign,31042,24352
ROI_6,Benign,31113,24352
ROI_6,Benign,31121,24344
ROI_6,Benign,31319,24344
ROI_6,Benign,31327,24336
ROI_6,Benign,31406,24328
ROI_6,Benign,31508,24289
ROI_6,Benign,31556,24281
ROI_6,Benign,31650,24233
ROI_6,Benign,31682,24233
ROI_6,Benign,31721,24218
ROI_6,Benign,31753,24218
ROI_6,Benign,31793,24202
ROI_6,Benign,31816,24202
ROI_6,Benign,31848,24186
ROI_6,Benign,31903,24178
ROI_6,Benign,31911,24170
ROI_6,Benign,31974,24162
ROI_6,Benign,32132,24107
ROI_6,Benign,32211,24091
ROI_6,Benign,32417,23988
ROI_6,Benign,32440,23988
ROI_6,Benign,32448,23981
ROI_6,Benign,32511,23981
ROI_6,Benign,32519,23973
ROI_6,Benign,32559,23973
ROI_6,Benign,32567,23965
ROI_6,Benign,32606,23965
ROI_6,Benign,32638,23949
ROI_6,Benign,32669,23949
ROI_6,Benign,32772,23909
ROI_6,Benign,32796,23909
ROI_6,Benign,32867,23886
ROI_6,Benign,32914,23862
ROI_6,Benign,33025,23862
ROI_6,Benign,33033,23854
ROI_6,Benign,33088,23854
ROI_6,Benign,33096,23846
ROI_6,Benign,33183,23838
ROI_6,Benign,33278,23807
ROI_6,Benign,33309,23807
ROI_6,Benign,33333,23791
ROI_6,Benign,33380,23783
ROI_6,Benign,33420,23759
ROI_6,Benign,33538,23720
ROI_6,Benign,33617,23712
ROI_6,Benign,33649,23696
ROI_6,Benign,34012,23696
ROI_6,Benign,34020,23688
ROI_6,Benign,34067,23688
ROI_6,Benign,34123,23657
ROI_6,Benign,34139,23657
ROI_6,Benign,34233,23586
ROI_6,Benign,34257,23578
ROI_6,Benign,34289,23546
ROI_6,Benign,34336,23538
ROI_6,Benign,34368,23522
ROI_6,Benign,34431,23515
ROI_6,Benign,34439,23507
ROI_6,Benign,34533,23507
ROI_6,Benign,34541,23499
ROI_6,Benign,34573,23499
ROI_6,Benign,34597,23483
ROI_6,Benign,34707,23459
ROI_6,Benign,34834,23380
ROI_6,Benign,34857,23357
ROI_6,Benign,34960,23309
ROI_6,Benign,35157,23293
ROI_6,Benign,35165,23285
ROI_6,Benign,35276,23262
ROI_6,Benign,35300,23246
ROI_6,Benign,35339,23238
ROI_6,Benign,35387,23214
ROI_6,Benign,35466,23206
ROI_6,Benign,35473,23199
ROI_6,Benign,35560,23199
ROI_6,Benign,35568,23191
ROI_6,Benign,35608,23191
ROI_6,Benign,35679,23167
ROI_6,Benign,35750,23159
ROI_6,Benign,35758,23151
ROI_6,Benign,35963,23143
ROI_6,Benign,35987,23127
ROI_6,Benign,36034,23120
ROI_6,Benign,36105,23088
ROI_6,Benign,36161,23041
ROI_6,Benign,36224,23009
ROI_6,Benign,36255,22977
ROI_6,Benign,36350,22946
ROI_6,Benign,36390,22922
ROI_6,Benign,36413,22922
ROI_6,Benign,36445,22906
ROI_6,Benign,36477,22906
ROI_6,Benign,36484,22898
ROI_6,Benign,36595,22890
ROI_6,Benign,36706,22851
ROI_6,Benign,36824,22827
ROI_6,Benign,36872,22812
ROI_6,Benign,36911,22788
ROI_6,Benign,37077,22740
ROI_6,Benign,37259,22646
ROI_6,Benign,37282,22646
ROI_6,Benign,37314,22630
ROI_6,Benign,37345,22630
ROI_6,Benign,37377,22614
ROI_6,Benign,37401,22614
ROI_6,Benign,37496,22582
ROI_6,Benign,37606,22527
ROI_6,Benign,37622,22527
ROI_6,Benign,37725,22472
ROI_6,Benign,37859,22440
ROI_6,Benign,37930,22393
ROI_6,Benign,37969,22353
ROI_6,Benign,38041,22314
ROI_6,Benign,38080,22282
ROI_6,Benign,38127,22274
ROI_6,Benign,38135,22266
ROI_6,Benign,38167,22266
ROI_6,Benign,38230,22243
ROI_6,Benign,38254,22243
ROI_6,Benign,38325,22219
ROI_6,Benign,38349,22203
ROI_6,Benign,38364,22203
ROI_6,Benign,38412,22180
ROI_6,Benign,38443,22148
ROI_6,Benign,38491,22132
ROI_6,Benign,38586,22069
ROI_6,Benign,38601,22069
ROI_6,Benign,38641,22045
ROI_6,Benign,38712,22022
ROI_6,Benign,38807,22014
ROI_6,Benign,38838,21998
ROI_6,Benign,38862,21998
ROI_6,Benign,38973,21943
ROI_6,Benign,39044,21919
ROI_6,Benign,39091,21887
ROI_6,Benign,39131,21879
ROI_6,Benign,39178,21856
ROI_6,Benign,39218,21824
ROI_6,Benign,39289,21793
ROI_6,Benign,39304,21793
ROI_6,Benign,39328,21777
ROI_6,Benign,39383,21769
ROI_6,Benign,39391,21761
ROI_6,Benign,39486,21753
ROI_6,Benign,39526,21737
ROI_6,Benign,39581,21729
ROI_6,Benign,39660,21698
ROI_6,Benign,39699,21698
ROI_6,Benign,39707,21690
ROI_6,Benign,39747,21690
ROI_6,Benign,39755,21682
ROI_6,Benign,39842,21682
ROI_6,Benign,39849,21674
ROI_6,Benign,39889,21674
ROI_6,Benign,39897,21666
ROI_6,Benign,39928,21666
ROI_6,Benign,39936,21658
ROI_6,Benign,40039,21642
ROI_6,Benign,40047,21635
ROI_6,Benign,40181,21619
ROI_6,Benign,40221,21603
ROI_6,Benign,40268,21603
ROI_6,Benign,40276,21595
ROI_6,Benign,40473,21595
ROI_6,Benign,40481,21587
ROI_6,Benign,40600,21587
ROI_6,Benign,40608,21579
ROI_6,Benign,40734,21579
ROI_6,Benign,40742,21587
ROI_6,Benign,40766,21587
ROI_6,Benign,40774,21579
ROI_6,Benign,41327,21579
ROI_6,Benign,41334,21571
ROI_6,Benign,41390,21571
ROI_6,Benign,41398,21579
ROI_6,Benign,41516,21579
ROI_6,Benign,41524,21587
ROI_6,Benign,41587,21595
ROI_6,Benign,41627,21611
ROI_6,Benign,41682,21619
ROI_6,Benign,41690,21627
ROI_6,Benign,41729,21627
ROI_6,Benign,41737,21635
ROI_6,Benign,41777,21635
ROI_6,Benign,41824,21650
ROI_6,Benign,41856,21650
ROI_6,Benign,41864,21658
ROI_6,Benign,41895,21658
ROI_6,Benign,41951,21682
ROI_6,Benign,41974,21682
ROI_6,Benign,42045,21706
ROI_6,Benign,42069,21721
ROI_6,Benign,42093,21721
ROI_6,Benign,42164,21745
ROI_6,Benign,42203,21769
ROI_6,Benign,42219,21769
ROI_6,Benign,42314,21832
ROI_6,Benign,42417,21879
ROI_6,Benign,42488,21943
ROI_6,Benign,42535,21958
ROI_6,Benign,42638,22014
ROI_6,Benign,42669,22022
ROI_6,Benign,42756,22093
ROI_6,Benign,42835,22140
ROI_6,Benign,42883,22187
ROI_6,Benign,42930,22211
ROI_6,Benign,42993,22282
ROI_6,Benign,43080,22448
ROI_6,Benign,43104,22472
ROI_6,Benign,43151,22567
ROI_6,Benign,43191,22606
ROI_6,Benign,43278,22780
ROI_6,Benign,43317,22835
ROI_6,Benign,43333,22883
ROI_6,Benign,43349,22898
ROI_6,Benign,43364,22946
ROI_6,Benign,43388,22985
ROI_6,Benign,43443,23151
ROI_6,Benign,43443,23206
ROI_6,Benign,43451,23214
ROI_6,Benign,43459,23325
ROI_6,Benign,43467,23333
ROI_6,Benign,43459,23459
ROI_6,Benign,43443,23507
ROI_6,Benign,43443,23546
ROI_6,Benign,43436,23554
ROI_6,Benign,43436,23586
ROI_6,Benign,43412,23617
ROI_6,Benign,43380,23712
ROI_6,Benign,43349,23775
ROI_6,Benign,43333,23791
ROI_6,Benign,43317,23838
ROI_6,Benign,43285,23870
ROI_6,Benign,43238,23981
ROI_6,Benign,43191,24052
ROI_6,Benign,43183,24083
ROI_6,Benign,43127,24154
ROI_6,Benign,43096,24225
ROI_6,Benign,43025,24296
ROI_6,Benign,43001,24344
ROI_6,Benign,42930,24431
ROI_6,Benign,42914,24462
ROI_6,Benign,42859,24518
ROI_6,Benign,42812,24589
ROI_6,Benign,42748,24652
ROI_6,Benign,42701,24723
ROI_6,Benign,42606,24810
ROI_6,Benign,42575,24865
ROI_6,Benign,42503,24944
ROI_6,Benign,42496,24968
ROI_6,Benign,42464,25000
ROI_6,Benign,42440,25039
ROI_6,Benign,42393,25071
ROI_6,Benign,42306,25165
ROI_6,Benign,42266,25189
ROI_6,Benign,42227,25236
ROI_6,Benign,42195,25252
ROI_6,Benign,42148,25300
ROI_6,Benign,42124,25308
ROI_6,Benign,41753,25687
ROI_6,Benign,41737,25726
ROI_6,Benign,41690,25781
ROI_6,Benign,41650,25853
ROI_6,Benign,41619,25892
ROI_6,Benign,41579,25971
ROI_6,Benign,41532,26042
ROI_6,Benign,41500,26066
ROI_6,Benign,41398,26232
ROI_6,Benign,41342,26295
ROI_6,Benign,41303,26327
ROI_6,Benign,41295,26350
ROI_6,Benign,41248,26398
ROI_6,Benign,41153,26540
ROI_6,Benign,41097,26587
ROI_6,Benign,41082,26619
ROI_6,Benign,41050,26650
ROI_6,Benign,41042,26674
ROI_6,Benign,40995,26714
ROI_6,Benign,40987,26737
ROI_6,Benign,40742,26974
ROI_6,Benign,40734,26998
ROI_6,Benign,40710,27022
ROI_6,Benign,40695,27053
ROI_6,Benign,40663,27085
ROI_6,Benign,40655,27116
ROI_6,Benign,40616,27156
ROI_6,Benign,40608,27180
ROI_6,Benign,40576,27211
ROI_6,Benign,40537,27274
ROI_6,Benign,40473,27338
ROI_6,Benign,40466,27361
ROI_6,Benign,40426,27401
ROI_6,Benign,40410,27432
ROI_6,Benign,40355,27480
ROI_6,Benign,40355,27488
ROI_6,Benign,40284,27559
ROI_6,Benign,40284,27567
ROI_6,Benign,40244,27598
ROI_6,Benign,40205,27693
ROI_6,Benign,40165,27733
ROI_6,Benign,40165,27740
ROI_6,Benign,40110,27788
ROI_6,Benign,40071,27835
ROI_6,Benign,40047,27843
ROI_6,Benign,39936,27946
ROI_6,Benign,39865,27985
ROI_6,Benign,39818,28025
ROI_6,Benign,39778,28041
ROI_6,Benign,39707,28096
ROI_6,Benign,39660,28120
ROI_6,Benign,39628,28151
ROI_6,Benign,39605,28159
ROI_6,Benign,39557,28206
ROI_6,Benign,39549,28206
ROI_6,Benign,39502,28262
ROI_6,Benign,39462,28285
ROI_6,Benign,39454,28301
ROI_6,Benign,39391,28357
ROI_6,Benign,39289,28467
ROI_6,Benign,39218,28522
ROI_6,Benign,39052,28696
ROI_6,Benign,38988,28736
ROI_6,Benign,38902,28830
ROI_6,Benign,38902,28838
ROI_6,Benign,38815,28925
ROI_6,Benign,38712,29004
ROI_6,Benign,38704,29028
ROI_6,Benign,38633,29107
ROI_6,Benign,38617,29115
ROI_6,Benign,38515,29249
ROI_6,Benign,38467,29296
ROI_6,Benign,38459,29296
ROI_6,Benign,38372,29462
ROI_6,Benign,38341,29494
ROI_6,Benign,38325,29526
ROI_6,Benign,38254,29597
ROI_6,Benign,38214,29620
ROI_6,Benign,38206,29644
ROI_6,Benign,38159,29699
ROI_6,Benign,38127,29755
ROI_6,Benign,38009,29865
ROI_6,Benign,37985,29873
ROI_6,Benign,37922,29936
ROI_6,Benign,37914,29936
ROI_6,Benign,37875,29976
ROI_6,Benign,37843,29992
ROI_6,Benign,37780,30055
ROI_6,Benign,37701,30110
ROI_6,Benign,37669,30157
ROI_6,Benign,37559,30252
ROI_6,Benign,37543,30284
ROI_6,Benign,37448,30371
ROI_6,Benign,37424,30426
ROI_6,Benign,37369,30513
ROI_6,Benign,37259,30631
ROI_6,Benign,37243,30671
ROI_6,Benign,37227,30679
ROI_6,Benign,37203,30710
ROI_6,Benign,37180,30750
ROI_6,Benign,37164,30797
ROI_6,Benign,37132,30837
ROI_6,Benign,37061,30892
ROI_6,Benign,37045,30924
ROI_6,Benign,36951,31026
ROI_6,Benign,36919,31082
ROI_6,Benign,36864,31129
ROI_6,Benign,36706,31287
ROI_6,Benign,36666,31342
ROI_6,Benign,36548,31453
ROI_6,Benign,36548,31461
ROI_6,Benign,36500,31508
ROI_6,Benign,36492,31532
ROI_6,Benign,36334,31674
ROI_6,Benign,36279,31714
ROI_6,Benign,36255,31721
ROI_6,Benign,36232,31745
ROI_6,Benign,36192,31761
ROI_6,Benign,36113,31832
ROI_6,Benign,36018,31879
ROI_6,Benign,35995,31895
ROI_6,Benign,35971,31927
ROI_6,Benign,35884,31974
ROI_6,Benign,35845,32006
ROI_6,Benign,35821,32014
ROI_6,Benign,35758,32069
ROI_6,Benign,35624,32148
ROI_6,Benign,35576,32203
ROI_6,Benign,35568,32203
ROI_6,Benign,35521,32251
ROI_6,Benign,35497,32259
ROI_6,Benign,35450,32306
ROI_6,Benign,35426,32314
ROI_6,Benign,35363,32369
ROI_6,Benign,35308,32393
ROI_6,Benign,35165,32488
ROI_6,Benign,35118,32503
ROI_6,Benign,35007,32567
ROI_6,Benign,34992,32567
ROI_6,Benign,34881,32630
ROI_6,Benign,34834,32646
ROI_6,Benign,34763,32701
ROI_6,Benign,34739,32709
ROI_6,Benign,34684,32756
ROI_6,Benign,34597,32796
ROI_6,Benign,34565,32819
ROI_6,Benign,34518,32835
ROI_6,Benign,34502,32851
ROI_6,Benign,34454,32875
ROI_6,Benign,34431,32875
ROI_6,Benign,34383,32898
ROI_6,Benign,34352,32898
ROI_6,Benign,34336,32914
ROI_6,Benign,34320,32914
ROI_6,Benign,34249,32954
ROI_6,Benign,34218,32962
ROI_6,Benign,34139,33017
ROI_6,Benign,34107,33025
ROI_6,Benign,34075,33048
ROI_6,Benign,33996,33088
ROI_6,Benign,33981,33088
ROI_6,Benign,33933,33120
ROI_6,Benign,33917,33120
ROI_6,Benign,33878,33143
ROI_6,Benign,33846,33143
ROI_6,Benign,33838,33151
ROI_6,Benign,33783,33159
ROI_6,Benign,33759,33175
ROI_6,Benign,33680,33199
ROI_6,Benign,33617,33238
ROI_6,Benign,33601,33238
ROI_6,Benign,33546,33270
ROI_6,Benign,33530,33270
ROI_6,Benign,33443,33317
ROI_6,Benign,33404,33325
ROI_6,Benign,33301,33380
ROI_6,Benign,33278,33380
ROI_6,Benign,33214,33404
ROI_6,Benign,33151,33412
ROI_6,Benign,33080,33443
ROI_6,Benign,33009,33451
ROI_6,Benign,33001,33459
ROI_6,Benign,32962,33459
ROI_6,Benign,32867,33491
ROI_6,Benign,32764,33507
ROI_6,Benign,32725,33522
ROI_6,Benign,32638,33530
ROI_6,Benign,32543,33562
ROI_6,Benign,32511,33562
ROI_6,Benign,32464,33578
ROI_6,Benign,32424,33578
ROI_6,Benign,32417,33586
ROI_6,Benign,32377,33586
ROI_6,Benign,32369,33593
ROI_6,Benign,32330,33593
ROI_6,Benign,32290,33609
ROI_6,Benign,32259,33609
ROI_6,Benign,32219,33625
ROI_6,Benign,32187,33625
ROI_6,Benign,32180,33633
ROI_6,Benign,32148,33633
ROI_6,Benign,32109,33649
ROI_6,Benign,32006,33657
ROI_6,Benign,31935,33680
ROI_6,Benign,31887,33680
ROI_6,Benign,31879,33688
ROI_6,Benign,31832,33688
ROI_6,Benign,31824,33696
ROI_6,Benign,31603,33704
ROI_6,Benign,31595,33712
ROI_6,Benign,31556,33712
ROI_6,Benign,31548,33720
ROI_6,Benign,31500,33720
ROI_6,Benign,31492,33728
ROI_6,Benign,31421,33736
ROI_6,Benign,31413,33744
ROI_6,Benign,31350,33744
ROI_6,Benign,31342,33751
ROI_6,Benign,31279,33751
ROI_6,Benign,31271,33759
ROI_6,Benign,31192,33759
ROI_6,Benign,31184,33767
ROI_6,Benign,31113,33767
ROI_6,Benign,31105,33775
ROI_6,Benign,31034,33775
ROI_6,Benign,31026,33783
ROI_6,Benign,30939,33783
ROI_6,Benign,30932,33791
ROI_6,Benign,30876,33791
ROI_6,Benign,30868,33799
ROI_6,Benign,30789,33807
ROI_6,Benign,30781,33815
ROI_6,Benign,30710,33815
ROI_6,Benign,30703,33823
ROI_6,Benign,30608,33823
ROI_6,Benign,30560,33838
ROI_6,Benign,30521,33838
ROI_6,Benign,30481,33854
ROI_6,Benign,30410,33862
ROI_6,Benign,30402,33870
ROI_6,Benign,30284,33878
ROI_6,Benign,30276,33886
ROI_6,Benign,29976,33886
ROI_6,Benign,29968,33894
ROI_6,Benign,29897,33894
ROI_6,Benign,29889,33902
ROI_6,Benign,29770,33902
ROI_6,Benign,29763,33909
ROI_6,Benign,29581,33917
ROI_6,Benign,29573,33925
ROI_6,Benign,29368,33933
ROI_6,Benign,29360,33941
ROI_6,Benign,29304,33941
ROI_6,Benign,29296,33949
ROI_6,Benign,29004,33957
ROI_6,Benign,28996,33965
ROI_6,Benign,28846,33965
ROI_6,Benign,28838,33973
ROI_6,Benign,28751,33973
ROI_6,Benign,28744,33981
ROI_6,Benign,28704,33981
ROI_6,Benign,28696,33988
ROI_6,Benign,28586,33996
ROI_6,Benign,28578,34004
ROI_6,Benign,28538,34004
ROI_6,Benign,28530,34012
ROI_6,Benign,28372,34028
ROI_6,Benign,28364,34036
ROI_6,Benign,28309,34036
ROI_6,Benign,28301,34044
ROI_6,Benign,28214,34052
ROI_6,Benign,28143,34075
ROI_6,Benign,28033,34083
ROI_6,Benign,28025,34091
ROI_6,Benign,27969,34091
ROI_6,Benign,27962,34099
ROI_6,Benign,27922,34099
ROI_6,Benign,27851,34123
ROI_6,Benign,27819,34123
ROI_6,Benign,27812,34131
ROI_6,Benign,27756,34131
ROI_6,Benign,27748,34139
ROI_6,Benign,27709,34139
ROI_6,Benign,27701,34146
ROI_6,Benign,27630,34154
ROI_6,Benign,27622,34162
ROI_6,Benign,27582,34162
ROI_6,Benign,27511,34186
ROI_6,Benign,27456,34194
ROI_6,Benign,27409,34218
ROI_6,Benign,27353,34225
ROI_6,Benign,27314,34249
ROI_6,Benign,27243,34273
ROI_6,Benign,27211,34273
ROI_6,Benign,27116,34304
ROI_6,Benign,27093,34304
ROI_6,Benign,27053,34328
ROI_6,Benign,27006,34344
ROI_6,Benign,26982,34344
ROI_6,Benign,26974,34352
ROI_6,Benign,26951,34352
ROI_6,Benign,26943,34360
ROI_6,Benign,26832,34368
ROI_6,Benign,26824,34375
ROI_6,Benign,26721,34391
ROI_6,Benign,26682,34407
ROI_6,Benign,26642,34407
ROI_6,Benign,26595,34423
ROI_6,Benign,26563,34423
ROI_6,Benign,26532,34439
ROI_6,Benign,26413,34462
ROI_6,Benign,26406,34470
ROI_6,Benign,26303,34478
ROI_6,Benign,26295,34486
ROI_6,Benign,26224,34486
ROI_6,Benign,26216,34494
ROI_6,Benign,26129,34502
ROI_6,Benign,26121,34510
ROI_6,Benign,26090,34510
ROI_6,Benign,26082,34518
ROI_6,Benign,26018,34526
ROI_6,Benign,26011,34533
ROI_6,Benign,25845,34533
ROI_6,Benign,25837,34541
ROI_6,Benign,25758,34541
ROI_6,Benign,25750,34549
ROI_6,Benign,25679,34549
ROI_6,Benign,25671,34557
ROI_6,Benign,25584,34557
ROI_6,Benign,25576,34565
ROI_6,Benign,25545,34565
ROI_6,Benign,25497,34581
ROI_6,Benign,25450,34581
ROI_6,Benign,25442,34589
ROI_6,Benign,25292,34597
ROI_6,Benign,25284,34605
ROI_6,Benign,25157,34605
ROI_6,Benign,25150,34612
ROI_6,Benign,25086,34612
ROI_6,Benign,25078,34620
ROI_6,Benign,25023,34620
ROI_6,Benign,25015,34628
ROI_6,Benign,24913,34628
ROI_6,Benign,24905,34636
ROI_6,Benign,24818,34636
ROI_6,Benign,24810,34644
ROI_6,Benign,24115,34644
ROI_6,Benign,24107,34636
ROI_6,Benign,24052,34636
ROI_6,Benign,24044,34644
ROI_6,Benign,23949,34644
ROI_6,Benign,23941,34652
ROI_6,Benign,23815,34660
ROI_6,Benign,23807,34652
ROI_6,Benign,23744,34652
ROI_6,Benign,23736,34644
ROI_6,Benign,23657,34636
ROI_6,Benign,23649,34628
ROI_6,Benign,23609,34628
ROI_6,Benign,23601,34620
ROI_6,Benign,23546,34612
ROI_6,Benign,23522,34597
ROI_6,Benign,23483,34589
ROI_6,Benign,23459,34565
ROI_6,Benign,23388,34541
ROI_6,Benign,23262,34478
ROI_6,Benign,23238,34478
ROI_6,Benign,23199,34454
ROI_6,Benign,23159,34447
ROI_6,Benign,23088,34415
ROI_6,Benign,23048,34415
ROI_6,Benign,23041,34407
ROI_6,Benign,22969,34399
ROI_6,Benign,22962,34391
ROI_6,Benign,22906,34391
ROI_6,Benign,22898,34383
ROI_6,Benign,22622,34383
ROI_6,Benign,22614,34391
ROI_6,Benign,22590,34391
ROI_6,Benign,22582,34383
ROI_6,Benign,22440,34383
ROI_6,Benign,22432,34375
ROI_6,Benign,22385,34375
ROI_6,Benign,22377,34368
ROI_6,Benign,22266,34352
ROI_6,Benign,22259,34344
ROI_6,Benign,22211,34336
ROI_6,Benign,22187,34320
ROI_6,Benign,22085,34312
ROI_6,Benign,22077,34304
ROI_6,Benign,22006,34304
ROI_6,Benign,21998,34296
ROI_6,Benign,21935,34296
ROI_6,Benign,21927,34289
ROI_6,Benign,21848,34281
ROI_6,Benign,21840,34273
ROI_6,Benign,21682,34265
ROI_6,Benign,21674,34257
ROI_6,Benign,21500,34257
ROI_6,Benign,21492,34249
ROI_6,Benign,21429,34249
ROI_6,Benign,21421,34241
ROI_6,Benign,21382,34241
ROI_6,Benign,21374,34233
ROI_6,Benign,21334,34233
ROI_6,Benign,21327,34225
ROI_6,Benign,21224,34218
ROI_6,Benign,21216,34210
ROI_6,Benign,20947,34210
ROI_6,Benign,20939,34202
ROI_6,Benign,20884,34202
ROI_6,Benign,20837,34186
ROI_6,Benign,20608,34170
ROI_6,Benign,20600,34162
ROI_6,Benign,20260,34162
ROI_6,Benign,20252,34170
ROI_6,Benign,19913,34170
ROI_6,Benign,19905,34178
ROI_6,Benign,19794,34178
ROI_6,Benign,19786,34186
ROI_6,Benign,19676,34186
ROI_6,Benign,19668,34178
ROI_6,Benign,19447,34186
ROI_6,Benign,19439,34194
ROI_6,Benign,19312,34202
ROI_6,Benign,19304,34210
ROI_6,Benign,19233,34210
ROI_6,Benign,19225,34218
ROI_6,Benign,19162,34218
ROI_6,Benign,19154,34225
ROI_6,Benign,19115,34225
ROI_6,Benign,19107,34233
ROI_6,Benign,19004,34241
ROI_6,Benign,18965,34257
ROI_6,Benign,18854,34273
ROI_6,Benign,18846,34281
ROI_6,Benign,18680,34289
ROI_6,Benign,18672,34296
ROI_6,Benign,18412,34296
ROI_6,Benign,18404,34304
ROI_6,Benign,18143,34312
ROI_6,Benign,18135,34304
ROI_6,Benign,17969,34304
ROI_6,Benign,17962,34296
ROI_6,Benign,17883,34296
ROI_6,Benign,17875,34289
ROI_6,Benign,17717,34281
ROI_6,Benign,17709,34273
ROI_6,Benign,17669,34273
ROI_6,Benign,17622,34257
ROI_6,Benign,17582,34257
ROI_6,Benign,17575,34249
ROI_6,Benign,17480,34241
ROI_6,Benign,17472,34233
ROI_6,Benign,17448,34233
ROI_6,Benign,17377,34210
ROI_6,Benign,17345,34210
ROI_6,Benign,17322,34194
ROI_6,Benign,17251,34170
ROI_6,Benign,17180,34162
ROI_6,Benign,17132,34146
ROI_6,Benign,17077,34146
ROI_6,Benign,17069,34139
ROI_6,Benign,17030,34139
ROI_6,Benign,17022,34131
ROI_6,Benign,16982,34131
ROI_6,Benign,16974,34123
ROI_6,Benign,16943,34123
ROI_6,Benign,16903,34107
ROI_6,Benign,16879,34107
ROI_6,Benign,16872,34099
ROI_6,Benign,16729,34091
ROI_6,Benign,16721,34083
ROI_6,Benign,16674,34083
ROI_6,Benign,16627,34067
ROI_6,Benign,16469,34052
ROI_6,Benign,16421,34036
ROI_6,Benign,16382,34036
ROI_6,Benign,16374,34028
ROI_6,Benign,16224,34012
ROI_6,Benign,16184,33996
ROI_6,Benign,16153,33996
ROI_6,Benign,16121,33981
ROI_6,Benign,16090,33981
ROI_6,Benign,16050,33965
ROI_6,Benign,16018,33965
ROI_6,Benign,16011,33957
ROI_6,Benign,15971,33957
ROI_6,Benign,15900,33933
ROI_6,Benign,15876,33933
ROI_6,Benign,15868,33925
ROI_6,Benign,15679,33902
ROI_6,Benign,15671,33894
ROI_6,Benign,15600,33886
ROI_6,Benign,15592,33878
ROI_6,Benign,15537,33870
ROI_6,Benign,15497,33854
ROI_6,Benign,15458,33854
ROI_6,Benign,15387,33830
ROI_6,Benign,15347,33830
ROI_6,Benign,15134,33759
ROI_6,Benign,15110,33744
ROI_6,Benign,15007,33712
ROI_6,Benign,14984,33696
ROI_6,Benign,14968,33696
ROI_6,Benign,14913,33657
ROI_6,Benign,14897,33657
ROI_6,Benign,14842,33625
ROI_6,Benign,14810,33617
ROI_6,Benign,14778,33593
ROI_6,Benign,14707,33570
ROI_6,Benign,14668,33538
ROI_6,Benign,14628,33530
ROI_6,Benign,14533,33483
ROI_6,Benign,14454,33459
ROI_6,Benign,14399,33428
ROI_6,Benign,14328,33404
ROI_6,Benign,14210,33388
ROI_6,Benign,14099,33349
ROI_6,Benign,13973,33333
ROI_6,Benign,13965,33325
ROI_6,Benign,13799,33317
ROI_6,Benign,13791,33309
ROI_6,Benign,13736,33309
ROI_6,Benign,13728,33301
ROI_6,Benign,13625,33293
ROI_6,Benign,13578,33278
ROI_6,Benign,13522,33278
ROI_6,Benign,13515,33270
ROI_6,Benign,13467,33270
ROI_6,Benign,13459,33262
ROI_6,Benign,13309,33246
ROI_6,Benign,13301,33238
ROI_6,Benign,13214,33222
ROI_6,Benign,13206,33214
ROI_6,Benign,13175,33214
ROI_6,Benign,13167,33206
ROI_6,Benign,13096,33199
ROI_6,Benign,13088,33191
ROI_6,Benign,13048,33191
ROI_6,Benign,13041,33183
ROI_6,Benign,12969,33175
ROI_6,Benign,12962,33167
ROI_6,Benign,12930,33167
ROI_6,Benign,12898,33151
ROI_6,Benign,12867,33151
ROI_6,Benign,12835,33135
ROI_6,Benign,12804,33135
ROI_6,Benign,12772,33120
ROI_6,Benign,12748,33120
ROI_6,Benign,12654,33064
ROI_6,Benign,12559,32977
ROI_6,Benign,12551,32977
ROI_6,Benign,12511,32930
ROI_6,Benign,12472,32898
ROI_6,Benign,12501,32922
ROI_6,Benign,12323,33639
ROI_6,Benign,12290,33625
ROI_6,Benign,12345,33649
ROI_6,Benign,12432,33720
ROI_6,Benign,12464,33736
ROI_6,Benign,12488,33736
ROI_6,Benign,12496,33744
ROI_6,Benign,12717,33736
ROI_6,Benign,12725,33744
ROI_6,Benign,12764,33744
ROI_6,Benign,12772,33751
ROI_6,Benign,12898,33759
ROI_6,Benign,12938,33775
ROI_6,Benign,12962,33775
ROI_6,Benign,13041,33815
ROI_6,Benign,13191,33830
ROI_6,Benign,13199,33838
ROI_6,Benign,13246,33846
ROI_6,Benign,13301,33878
ROI_6,Benign,13372,33894
ROI_6,Benign,13404,33909
ROI_6,Benign,13436,33941
ROI_6,Benign,13483,33957
ROI_6,Benign,13586,34052
ROI_6,Benign,13641,34075
ROI_6,Benign,13696,34083
ROI_6,Benign,13704,34091
ROI_6,Benign,13751,34091
ROI_6,Benign,13759,34099
ROI_6,Benign,13886,34091
ROI_6,Benign,13894,34083
ROI_6,Benign,13917,34091
ROI_6,Benign,14004,34083
ROI_6,Benign,14012,34091
ROI_6,Benign,14052,34091
ROI_6,Benign,14099,34107
ROI_6,Benign,14225,34170
ROI_6,Benign,14257,34202
ROI_6,Benign,14273,34202
ROI_6,Benign,14328,34241
ROI_6,Benign,14352,34249
ROI_6,Benign,14399,34312
ROI_6,Benign,14462,34375
ROI_6,Benign,14526,34407
ROI_6,Benign,14605,34494
ROI_6,Benign,14605,34502
ROI_6,Benign,14676,34565
ROI_6,Benign,14707,34581
ROI_6,Benign,14747,34581
ROI_6,Benign,14786,34597
ROI_6,Benign,14834,34644
ROI_6,Benign,14928,34691
ROI_6,Benign,14952,34699
ROI_6,Benign,15023,34699
ROI_6,Benign,15031,34707
ROI_6,Benign,15094,34707
ROI_6,Benign,15102,34715
ROI_6,Benign,15300,34723
ROI_6,Benign,15394,34770
ROI_6,Benign,15481,34849
ROI_6,Benign,15505,34857
ROI_6,Benign,15552,34857
ROI_6,Benign,15560,34865
ROI_6,Benign,15600,34865
ROI_6,Benign,15663,34889
ROI_6,Benign,15758,34897
ROI_6,Benign,15781,34905
ROI_6,Benign,15837,34960
ROI_6,Benign,15860,34968
ROI_6,Benign,15995,34968
ROI_6,Benign,16042,34952
ROI_6,Benign,16105,34952
ROI_6,Benign,16208,35023
ROI_6,Benign,16295,35023
ROI_6,Benign,16303,35031
ROI_6,Benign,16327,35031
ROI_6,Benign,16398,35071
ROI_6,Benign,16437,35071
ROI_6,Benign,16445,35078
ROI_6,Benign,16484,35078
ROI_6,Benign,16492,35071
ROI_6,Benign,16587,35071
ROI_6,Benign,16658,35102
ROI_6,Benign,16714,35173
ROI_6,Benign,16729,35221
ROI_6,Benign,16793,35268
ROI_6,Benign,16840,35268
ROI_6,Benign,16856,35276
ROI_6,Benign,16864,35268
ROI_6,Benign,16903,35268
ROI_6,Benign,16911,35260
ROI_6,Benign,16951,35260
ROI_6,Benign,16958,35252
ROI_6,Benign,17006,35252
ROI_6,Benign,17077,35284
ROI_6,Benign,17101,35308
ROI_6,Benign,17140,35323
ROI_6,Benign,17156,35339
ROI_6,Benign,17251,35371
ROI_6,Benign,17306,35379
ROI_6,Benign,17314,35387
ROI_6,Benign,17338,35387
ROI_6,Benign,17345,35394
ROI_6,Benign,17401,35394
ROI_6,Benign,17409,35402
ROI_6,Benign,17543,35402
ROI_6,Benign,17551,35394
ROI_6,Benign,17559,35402
ROI_6,Benign,17677,35402
ROI_6,Benign,17717,35387
ROI_6,Benign,17780,35379
ROI_6,Benign,17867,35347
ROI_6,Benign,17938,35339
ROI_6,Benign,18001,35308
ROI_6,Benign,18088,35308
ROI_6,Benign,18120,35323
ROI_6,Benign,18270,35331
ROI_6,Benign,18278,35339
ROI_6,Benign,18467,35339
ROI_6,Benign,18475,35331
ROI_6,Benign,18530,35323
ROI_6,Benign,18546,35308
ROI_6,Benign,18578,35300
ROI_6,Benign,18601,35284
ROI_6,Benign,18625,35284
ROI_6,Benign,18672,35260
ROI_6,Benign,18696,35260
ROI_6,Benign,18759,35236
ROI_6,Benign,18870,35236
ROI_6,Benign,18917,35252
ROI_6,Benign,18957,35276
ROI_6,Benign,19036,35292
ROI_6,Benign,19099,35339
ROI_6,Benign,19162,35355
ROI_6,Benign,19241,35394
ROI_6,Benign,19265,35402
ROI_6,Benign,19328,35402
ROI_6,Benign,19336,35410
ROI_6,Benign,19573,35410
ROI_6,Benign,19581,35402
ROI_6,Benign,19612,35402
ROI_6,Benign,19620,35410
ROI_6,Benign,19849,35410
ROI_6,Benign,19857,35402
ROI_6,Benign,20197,35402
ROI_6,Benign,20205,35394
ROI_6,Benign,20339,35394
ROI_6,Benign,20355,35402
ROI_6,Benign,20363,35394
ROI_6,Benign,20418,35387
ROI_6,Benign,20434,35371
ROI_6,Benign,20545,35315
ROI_6,Benign,20592,35300
ROI_6,Benign,20616,35300
ROI_6,Benign,20639,35284
ROI_6,Benign,20663,35284
ROI_6,Benign,20718,35252
ROI_6,Benign,20766,35236
ROI_6,Benign,20853,35236
ROI_6,Benign,20860,35244
ROI_6,Benign,20868,35236
ROI_6,Benign,20908,35236
ROI_6,Benign,20916,35229
ROI_6,Benign,20979,35221
ROI_6,Benign,20987,35213
ROI_6,Benign,21208,35221
ROI_6,Benign,21216,35213
ROI_6,Benign,21311,35213
ROI_6,Benign,21319,35205
ROI_6,Benign,21429,35205
ROI_6,Benign,21500,35229
ROI_6,Benign,21563,35236
ROI_6,Benign,21571,35229
ROI_6,Benign,21627,35229
ROI_6,Benign,21635,35221
ROI_6,Benign,21753,35221
ROI_6,Benign,21761,35213
ROI_6,Benign,21808,35213
ROI_6,Benign,21903,35165
ROI_6,Benign,21943,35165
ROI_6,Benign,21951,35157
ROI_6,Benign,22085,35157
ROI_6,Benign,22093,35150
ROI_6,Benign,22203,35150
ROI_6,Benign,22251,35165
ROI_6,Benign,22282,35165
ROI_6,Benign,22290,35173
ROI_6,Benign,22393,35181
ROI_6,Benign,22464,35213
ROI_6,Benign,22480,35213
ROI_6,Benign,22669,35315
ROI_6,Benign,22701,35315
ROI_6,Benign,22740,35331
ROI_6,Benign,22883,35331
ROI_6,Benign,22890,35339
ROI_6,Benign,22977,35347
ROI_6,Benign,22985,35355
ROI_6,Benign,23017,35355
ROI_6,Benign,23064,35371
ROI_6,Benign,23104,35371
ROI_6,Benign,23112,35379
ROI_6,Benign,23293,35379
ROI_6,Benign,23301,35371
ROI_6,Benign,23380,35371
ROI_6,Benign,23388,35363
ROI_6,Benign,23507,35363
ROI_6,Benign,23515,35371
ROI_6,Benign,23617,35371
ROI_6,Benign,23625,35363
ROI_6,Benign,23657,35363
ROI_6,Benign,23704,35379
ROI_6,Benign,23736,35379
ROI_6,Benign,23744,35387
ROI_6,Benign,24186,35371
ROI_6,Benign,24194,35379
ROI_6,Benign,24249,35379
ROI_6,Benign,24257,35387
ROI_6,Benign,24352,35394
ROI_6,Benign,24360,35402
ROI_6,Benign,24439,35402
ROI_6,Benign,24486,35387
ROI_6,Benign,24636,35371
ROI_6,Benign,24644,35363
ROI_6,Benign,24755,35363
ROI_6,Benign,24763,35355
ROI_6,Benign,24842,35347
ROI_6,Benign,24849,35339
ROI_6,Benign,25039,35331
ROI_6,Benign,25047,35323
ROI_6,Benign,25102,35323
ROI_6,Benign,25110,35331
ROI_6,Benign,25150,35331
ROI_6,Benign,25157,35339
ROI_6,Benign,25213,35339
ROI_6,Benign,25221,35347
ROI_6,Benign,25537,35347
ROI_6,Benign,25545,35339
ROI_6,Benign,25560,35347
ROI_6,Benign,25647,35347
ROI_6,Benign,25655,35339
ROI_6,Benign,25718,35339
ROI_6,Benign,25726,35331
ROI_6,Benign,25750,35331
ROI_6,Benign,25789,35315
ROI_6,Benign,25821,35315
ROI_6,Benign,25829,35308
ROI_6,Benign,25939,35300
ROI_6,Benign,25947,35292
ROI_6,Benign,26042,35292
ROI_6,Benign,26050,35284
ROI_6,Benign,26082,35284
ROI_6,Benign,26129,35268
ROI_6,Benign,26169,35268
ROI_6,Benign,26176,35260
ROI_6,Benign,26248,35260
ROI_6,Benign,26255,35252
ROI_6,Benign,26303,35252
ROI_6,Benign,26311,35244
ROI_6,Benign,26421,35244
ROI_6,Benign,26429,35236
ROI_6,Benign,26500,35229
ROI_6,Benign,26508,35221
ROI_6,Benign,26548,35221
ROI_6,Benign,26556,35213
ROI_6,Benign,26690,35213
ROI_6,Benign,26698,35205
ROI_6,Benign,26737,35205
ROI_6,Benign,26824,35165
ROI_6,Benign,26864,35165
ROI_6,Benign,26911,35150
ROI_6,Benign,26966,35150
ROI_6,Benign,26974,35142
ROI_6,Benign,27022,35142
ROI_6,Benign,27030,35134
ROI_6,Benign,27077,35134
ROI_6,Benign,27085,35126
ROI_6,Benign,27203,35126
ROI_6,Benign,27211,35118
ROI_6,Benign,27259,35118
ROI_6,Benign,27266,35110
ROI_6,Benign,27314,35110
ROI_6,Benign,27322,35102
ROI_6,Benign,27440,35102
ROI_6,Benign,27448,35094
ROI_6,Benign,27685,35094
ROI_6,Benign,27748,35071
ROI_6,Benign,27780,35039
ROI_6,Benign,27969,34976
ROI_6,Benign,28025,34968
ROI_6,Benign,28033,34960
ROI_6,Benign,28080,34960
ROI_6,Benign,28088,34952
ROI_6,Benign,28230,34952
ROI_6,Benign,28293,34921
ROI_6,Benign,28349,34913
ROI_6,Benign,28357,34905
ROI_6,Benign,28483,34905
ROI_6,Benign,28491,34913
ROI_6,Benign,28578,34905
ROI_6,Benign,28680,34865
ROI_6,Benign,28767,34857
ROI_6,Benign,28775,34849
ROI_6,Benign,28846,34849
ROI_6,Benign,28854,34842
ROI_6,Benign,28933,34842
ROI_6,Benign,28941,34834
ROI_6,Benign,28973,34834
ROI_6,Benign,28981,34826
ROI_6,Benign,29028,34818
ROI_6,Benign,29052,34802
ROI_6,Benign,29194,34802
ROI_6,Benign,29233,34786
ROI_6,Benign,29281,34786
ROI_6,Benign,29289,34778
ROI_6,Benign,29368,34778
ROI_6,Benign,29375,34786
ROI_6,Benign,29407,34786
ROI_6,Benign,29431,34802
ROI_6,Benign,29502,34802
ROI_6,Benign,29565,34778
ROI_6,Benign,29786,34755
ROI_6,Benign,29810,34739
ROI_6,Benign,29834,34739
ROI_6,Benign,29857,34723
ROI_6,Benign,29905,34715
ROI_6,Benign,29913,34707
ROI_6,Benign,29936,34707
ROI_6,Benign,30000,34676
ROI_6,Benign,30055,34668
ROI_6,Benign,30063,34660
ROI_6,Benign,30118,34660
ROI_6,Benign,30126,34652
ROI_6,Benign,30497,34660
ROI_6,Benign,30505,34652
ROI_6,Benign,30552,34652
ROI_6,Benign,30560,34644
ROI_6,Benign,30979,34644
ROI_6,Benign,30987,34636
ROI_6,Benign,31018,34636
ROI_6,Benign,31058,34620
ROI_6,Benign,31192,34620
ROI_6,Benign,31200,34612
ROI_6,Benign,31232,34612
ROI_6,Benign,31240,34605
ROI_6,Benign,31295,34597
ROI_6,Benign,31327,34581
ROI_6,Benign,31350,34581
ROI_6,Benign,31382,34565
ROI_6,Benign,31406,34565
ROI_6,Benign,31453,34541
ROI_6,Benign,31500,34533
ROI_6,Benign,31508,34526
ROI_6,Benign,31619,34526
ROI_6,Benign,31627,34518
ROI_6,Benign,31690,34510
ROI_6,Benign,31769,34478
ROI_6,Benign,31793,34478
ROI_6,Benign,31824,34462
ROI_6,Benign,31927,34462
ROI_6,Benign,31935,34454
ROI_6,Benign,31974,34454
ROI_6,Benign,32045,34431
ROI_6,Benign,32077,34407
ROI_6,Benign,32164,34383
ROI_6,Benign,32187,34368
ROI_6,Benign,32259,34344
ROI_6,Benign,32377,34328
ROI_6,Benign,32496,34289
ROI_6,Benign,32614,34296
ROI_6,Benign,32772,34241
ROI_6,Benign,32890,34233
ROI_6,Benign,32898,34225
ROI_6,Benign,32969,34218
ROI_6,Benign,33009,34202
ROI_6,Benign,33041,34202
ROI_6,Benign,33151,34139
ROI_6,Benign,33183,34139
ROI_6,Benign,33278,34107
ROI_6,Benign,33301,34091
ROI_6,Benign,33317,34091
ROI_6,Benign,33333,34075
ROI_6,Benign,33364,34067
ROI_6,Benign,33412,34028
ROI_6,Benign,33459,34012
ROI_6,Benign,33538,33965
ROI_6,Benign,33562,33965
ROI_6,Benign,33586,33949
ROI_6,Benign,33609,33949
ROI_6,Benign,33665,33925
ROI_6,Benign,33688,33925
ROI_6,Benign,33783,33886
ROI_6,Benign,33830,33878
ROI_6,Benign,33854,33862
ROI_6,Benign,33886,33862
ROI_6,Benign,33925,33846
ROI_6,Benign,33949,33846
ROI_6,Benign,34154,33728
ROI_6,Benign,34218,33720
ROI_6,Benign,34225,33712
ROI_6,Benign,34249,33712
ROI_6,Benign,34320,33688
ROI_6,Benign,34352,33657
ROI_6,Benign,34383,33641
ROI_6,Benign,34431,33625
ROI_6,Benign,34494,33617
ROI_6,Benign,34502,33609
ROI_6,Benign,34533,33609
ROI_6,Benign,34581,33593
ROI_6,Benign,34612,33570
ROI_6,Benign,34644,33562
ROI_6,Benign,34668,33530
ROI_6,Benign,34723,33507
ROI_6,Benign,34794,33451
ROI_6,Benign,34818,33443
ROI_6,Benign,34857,33396
ROI_6,Benign,34984,33317
ROI_6,Benign,35047,33254
ROI_6,Benign,35078,33246
ROI_6,Benign,35118,33214
ROI_6,Benign,35134,33214
ROI_6,Benign,35189,33183
ROI_6,Benign,35205,33183
ROI_6,Benign,35252,33135
ROI_6,Benign,35339,33096
ROI_6,Benign,35387,33064
ROI_6,Benign,35458,33041
ROI_6,Benign,35481,33017
ROI_6,Benign,35513,33009
ROI_6,Benign,35624,32946
ROI_6,Benign,35703,32930
ROI_6,Benign,35797,32875
ROI_6,Benign,35845,32867
ROI_6,Benign,35971,32812
ROI_6,Benign,36018,32764
ROI_6,Benign,36090,32725
ROI_6,Benign,36121,32693
ROI_6,Benign,36169,32677
ROI_6,Benign,36240,32630
ROI_6,Benign,36350,32575
ROI_6,Benign,36500,32448
ROI_6,Benign,36603,32401
ROI_6,Benign,36674,32322
ROI_6,Benign,36714,32290
ROI_6,Benign,36729,32259
ROI_6,Benign,36769,32219
ROI_6,Benign,36769,32211
ROI_6,Benign,36840,32156
ROI_6,Benign,37006,31982
ROI_6,Benign,37061,31943
ROI_6,Benign,37101,31927
ROI_6,Benign,37156,31872
ROI_6,Benign,37164,31872
ROI_6,Benign,37180,31848
ROI_6,Benign,37235,31800
ROI_6,Benign,37251,31769
ROI_6,Benign,37290,31729
ROI_6,Benign,37330,31706
ROI_6,Benign,37361,31698
ROI_6,Benign,37409,31650
ROI_6,Benign,37440,31595
ROI_6,Benign,37590,31461
ROI_6,Benign,37622,31421
ROI_6,Benign,37622,31406
ROI_6,Benign,37646,31366
ROI_6,Benign,37725,31271
ROI_6,Benign,37748,31224
ROI_6,Benign,37804,31169
ROI_6,Benign,37835,31153
ROI_6,Benign,37883,31097
ROI_6,Benign,37938,30987
ROI_6,Benign,37993,30924
ROI_6,Benign,38017,30868
ROI_6,Benign,38041,30845
ROI_6,Benign,38056,30813
ROI_6,Benign,38104,30766
ROI_6,Benign,38167,30639
ROI_6,Benign,38199,30592
ROI_6,Benign,38238,30552
ROI_6,Benign,38262,30481
ROI_6,Benign,38278,30458
ROI_6,Benign,38278,30442
ROI_6,Benign,38301,30418
ROI_6,Benign,38317,30387
ROI_6,Benign,38364,30355
ROI_6,Benign,38412,30292
ROI_6,Benign,38451,30197
ROI_6,Benign,38507,30150
ROI_6,Benign,38507,30142
ROI_6,Benign,38546,30102
ROI_6,Benign,38554,30102
ROI_6,Benign,38609,30039
ROI_6,Benign,38625,30031
ROI_6,Benign,38680,29944
ROI_6,Benign,38807,29818
ROI_6,Benign,38815,29802
ROI_6,Benign,38854,29770
ROI_6,Benign,38894,29699
ROI_6,Benign,38941,29652
ROI_6,Benign,38949,29628
ROI_6,Benign,38988,29597
ROI_6,Benign,39052,29526
ROI_6,Benign,39060,29526
ROI_6,Benign,39067,29502
ROI_6,Benign,39178,29399
ROI_6,Benign,39233,29336
ROI_6,Benign,39249,29328
ROI_6,Benign,39257,29304
ROI_6,Benign,39312,29249
ROI_6,Benign,39336,29210
ROI_6,Benign,39447,29115
ROI_6,Benign,39502,29044
ROI_6,Benign,39533,29020
ROI_6,Benign,39549,28988
ROI_6,Benign,39636,28909
ROI_6,Benign,39731,28807
ROI_6,Benign,39755,28799
ROI_6,Benign,39778,28775
ROI_6,Benign,39810,28759
ROI_6,Benign,39849,28712
ROI_6,Benign,39873,28704
ROI_6,Benign,39889,28688
ROI_6,Benign,39984,28641
ROI_6,Benign,40015,28633
ROI_6,Benign,40063,28593
ROI_6,Benign,40118,28578
ROI_6,Benign,40197,28530
ROI_6,Benign,40276,28507
ROI_6,Benign,40355,28443
ROI_6,Benign,40410,28420
ROI_6,Benign,40426,28404
ROI_6,Benign,40442,28404
ROI_6,Benign,40481,28380
ROI_6,Benign,40513,28372
ROI_6,Benign,40655,28254
ROI_6,Benign,40663,28230
ROI_6,Benign,40710,28167
ROI_6,Benign,40734,28143
ROI_6,Benign,40766,28127
ROI_6,Benign,40774,28104
ROI_6,Benign,40805,28072
ROI_6,Benign,40821,28041
ROI_6,Benign,40860,28001
ROI_6,Benign,40868,28001
ROI_6,Benign,40868,27993
ROI_6,Benign,40916,27946
ROI_6,Benign,40971,27914
ROI_6,Benign,40995,27890
ROI_6,Benign,41018,27883
ROI_6,Benign,41050,27843
ROI_6,Benign,41082,27819
ROI_6,Benign,41216,27748
ROI_6,Benign,41248,27709
ROI_6,Benign,41271,27701
ROI_6,Benign,41319,27654
ROI_6,Benign,41342,27646
ROI_6,Benign,41358,27630
ROI_6,Benign,41406,27614
ROI_6,Benign,41429,27582
ROI_6,Benign,41469,27559
ROI_6,Benign,41484,27535
ROI_6,Benign,41540,27503
ROI_6,Benign,41658,27377
ROI_6,Benign,41674,27330
ROI_6,Benign,41729,27243
ROI_6,Benign,41745,27187
ROI_6,Benign,41769,27164
ROI_6,Benign,41800,27109
ROI_6,Benign,41800,27093
ROI_6,Benign,41832,27037
ROI_6,Benign,41832,27022
ROI_6,Benign,41856,26998
ROI_6,Benign,41872,26958
ROI_6,Benign,41911,26927
ROI_6,Benign,41911,26911
ROI_6,Benign,41951,26856
ROI_6,Benign,41958,26832
ROI_6,Benign,42045,26737
ROI_6,Benign,42101,26627
ROI_6,Benign,42116,26611
ROI_6,Benign,42124,26579
ROI_6,Benign,42164,26524
ROI_6,Benign,42180,26477
ROI_6,Benign,42180,26445
ROI_6,Benign,42211,26350
ROI_6,Benign,42211,26327
ROI_6,Benign,42235,26279
ROI_6,Benign,42243,26224
ROI_6,Benign,42290,26129
ROI_6,Benign,42298,26050
ROI_6,Benign,42314,26003
ROI_6,Benign,42377,25939
ROI_6,Benign,42432,25916
ROI_6,Benign,42480,25876
ROI_6,Benign,42519,25860
ROI_6,Benign,42575,25860
ROI_6,Benign,42614,25876
ROI_6,Benign,42646,25876
ROI_6,Benign,42654,25884
ROI_6,Benign,42851,25892
ROI_6,Benign,42859,25884
ROI_6,Benign,42883,25884
ROI_6,Benign,42890,25876
ROI_6,Benign,42914,25876
ROI_6,Benign,42962,25860
ROI_6,Benign,43017,25829
ROI_6,Benign,43033,25829
ROI_6,Benign,43072,25797
ROI_6,Benign,43096,25789
ROI_6,Benign,43135,25750
ROI_6,Benign,43175,25734
ROI_6,Benign,43254,25647
ROI_6,Benign,43309,25616
ROI_6,Benign,43436,25481
ROI_6,Benign,43451,25434
ROI_6,Benign,43475,25394
ROI_6,Benign,43499,25323
ROI_6,Benign,43499,25300
ROI_6,Benign,43522,25252
ROI_6,Benign,43530,25173
ROI_6,Benign,43538,25165
ROI_6,Benign,43538,25134
ROI_6,Benign,43546,25126
ROI_6,Benign,43546,25094
ROI_6,Benign,43554,25086
ROI_6,Benign,43570,25000
ROI_6,Benign,43625,24873
ROI_6,Benign,43625,24857
ROI_6,Benign,43641,24826
ROI_6,Benign,43688,24778
ROI_6,Benign,43696,24755
ROI_6,Benign,43728,24723
ROI_6,Benign,43751,24660
ROI_6,Benign,43807,24605
ROI_6,Benign,43894,24470
ROI_6,Benign,43902,24423
ROI_6,Benign,43933,24352
ROI_6,Benign,43933,24328
ROI_6,Benign,43949,24289
ROI_6,Benign,43949,24249
ROI_6,Benign,43965,24218
ROI_6,Benign,43973,24131
ROI_6,Benign,44004,24060
ROI_6,Benign,44004,24044
ROI_6,Benign,44020,24020
ROI_6,Benign,44020,24004
ROI_6,Benign,44044,23965
ROI_6,Benign,44052,23909
ROI_6,Benign,44075,23838
ROI_6,Benign,44075,23807
ROI_6,Benign,44083,23799
ROI_6,Benign,44083,23759
ROI_6,Benign,44091,23751
ROI_6,Benign,44091,23712
ROI_6,Benign,44099,23704
ROI_6,Benign,44099,23436
ROI_6,Benign,44091,23428
ROI_6,Benign,44091,23380
ROI_6,Benign,44083,23372
ROI_6,Benign,44083,23333
ROI_6,Benign,44075,23325
ROI_6,Benign,44060,23175
ROI_6,Benign,44028,23088
ROI_6,Benign,44028,23056
ROI_6,Benign,44012,23017
ROI_6,Benign,44012,22985
ROI_6,Benign,44004,22977
ROI_6,Benign,43996,22922
ROI_6,Benign,43973,22851
ROI_6,Benign,43957,22827
ROI_6,Benign,43957,22804
ROI_6,Benign,43941,22780
ROI_6,Benign,43925,22725
ROI_6,Benign,43902,22701
ROI_6,Benign,43846,22582
ROI_6,Benign,43830,22567
ROI_6,Benign,43830,22551
ROI_6,Benign,43744,22448
ROI_6,Benign,43744,22432
ROI_6,Benign,43704,22377
ROI_6,Benign,43688,22338
ROI_6,Benign,43617,22259
ROI_6,Benign,43601,22219
ROI_6,Benign,43570,22187
ROI_6,Benign,43562,22164
ROI_6,Benign,43499,22085
ROI_6,Benign,43475,22030
ROI_6,Benign,43293,21840
ROI_6,Benign,43254,21816
ROI_6,Benign,43222,21769
ROI_6,Benign,43214,21769
ROI_6,Benign,43159,21714
ROI_6,Benign,43127,21698
ROI_6,Benign,43088,21650
ROI_6,Benign,43009,21611
ROI_6,Benign,42985,21587
ROI_6,Benign,42922,21563
ROI_6,Benign,42875,21540
ROI_6,Benign,42859,21524
ROI_6,Benign,42780,21500
ROI_6,Benign,42709,21461
ROI_6,Benign,42661,21453
ROI_6,Benign,42654,21445
ROI_6,Benign,42622,21445
ROI_6,Benign,42582,21421
ROI_6,Benign,42551,21390
ROI_6,Benign,42417,21319
ROI_6,Benign,42377,21311
ROI_6,Benign,42353,21287
ROI_6,Benign,42322,21271
ROI_6,Benign,42274,21255
ROI_6,Benign,42251,21255
ROI_6,Benign,42227,21240
ROI_6,Benign,42203,21240
ROI_6,Benign,42172,21224
ROI_6,Benign,42053,21200
ROI_6,Benign,42014,21184
ROI_6,Benign,41990,21184
ROI_6,Benign,41895,21153
ROI_6,Benign,41800,21145
ROI_6,Benign,41793,21137
ROI_6,Benign,41635,21129
ROI_6,Benign,41627,21121
ROI_6,Benign,41532,21121
ROI_6,Benign,41524,21113
ROI_6,Benign,41429,21113
ROI_6,Benign,41421,21105
ROI_6,Benign,41382,21105
ROI_6,Benign,41374,21097
ROI_6,Benign,41287,21090
ROI_6,Benign,41279,21082
ROI_6,Benign,41176,21082
ROI_6,Benign,41169,21090
ROI_6,Benign,40805,21090
ROI_6,Benign,40797,21097
ROI_6,Benign,40718,21097
ROI_4,Benign,18436,3830
ROI_4,Benign,18443,3838
ROI_4,Benign,18791,3838
ROI_4,Benign,18799,3846
ROI_4,Benign,18902,3846
ROI_4,Benign,18909,3838
ROI_4,Benign,18981,3838
ROI_4,Benign,18988,3830
ROI_4,Benign,19099,3830
ROI_4,Benign,19107,3823
ROI_4,Benign,19178,3823
ROI_4,Benign,19186,3815
ROI_4,Benign,19233,3815
ROI_4,Benign,19241,3807
ROI_4,Benign,19304,3807
ROI_4,Benign,19375,3783
ROI_4,Benign,19407,3783
ROI_4,Benign,19439,3767
ROI_4,Benign,19494,3759
ROI_4,Benign,19502,3751
ROI_4,Benign,19541,3751
ROI_4,Benign,19549,3744
ROI_4,Benign,19589,3744
ROI_4,Benign,19597,3736
ROI_4,Benign,19644,3736
ROI_4,Benign,19691,3720
ROI_4,Benign,19723,3720
ROI_4,Benign,19731,3712
ROI_4,Benign,19834,3704
ROI_4,Benign,19842,3696
ROI_4,Benign,20276,3696
ROI_4,Benign,20284,3704
ROI_4,Benign,20466,3720
ROI_4,Benign,20513,3736
ROI_4,Benign,20687,3744
ROI_4,Benign,20695,3751
ROI_4,Benign,20766,3751
ROI_4,Benign,20774,3759
ROI_4,Benign,20829,3759
ROI_4,Benign,20837,3767
ROI_4,Benign,20892,3767
ROI_4,Benign,20900,3775
ROI_4,Benign,20987,3783
ROI_4,Benign,21011,3799
ROI_4,Benign,21058,3807
ROI_4,Benign,21090,3823
ROI_4,Benign,21113,3823
ROI_4,Benign,21176,3854
ROI_4,Benign,21311,3894
ROI_4,Benign,21327,3909
ROI_4,Benign,21366,3925
ROI_4,Benign,21437,3973
ROI_4,Benign,21445,3988
ROI_4,Benign,21484,4004
ROI_4,Benign,21532,4052
ROI_4,Benign,21563,4060
ROI_4,Benign,21619,4091
ROI_4,Benign,21658,4131
ROI_4,Benign,21690,4146
ROI_4,Benign,21729,4186
ROI_4,Benign,21753,4194
ROI_4,Benign,21777,4218
ROI_4,Benign,21840,4241
ROI_4,Benign,21911,4249
ROI_4,Benign,21919,4257
ROI_4,Benign,21958,4257
ROI_4,Benign,21966,4265
ROI_4,Benign,22006,4265
ROI_4,Benign,22014,4273
ROI_4,Benign,22061,4273
ROI_4,Benign,22069,4281
ROI_4,Benign,22140,4281
ROI_4,Benign,22148,4289
ROI_4,Benign,22195,4289
ROI_4,Benign,22203,4296
ROI_4,Benign,22306,4304
ROI_4,Benign,22314,4312
ROI_4,Benign,22456,4312
ROI_4,Benign,22464,4320
ROI_4,Benign,22590,4328
ROI_4,Benign,22598,4336
ROI_4,Benign,22693,4336
ROI_4,Benign,22740,4352
ROI_4,Benign,22772,4352
ROI_4,Benign,22780,4360
ROI_4,Benign,22812,4360
ROI_4,Benign,22851,4375
ROI_4,Benign,22962,4391
ROI_4,Benign,22969,4399
ROI_4,Benign,23056,4415
ROI_4,Benign,23088,4431
ROI_4,Benign,23112,4431
ROI_4,Benign,23120,4439
ROI_4,Benign,23206,4447
ROI_4,Benign,23325,4494
ROI_4,Benign,23380,4502
ROI_4,Benign,23388,4510
ROI_4,Benign,23420,4510
ROI_4,Benign,23428,4518
ROI_4,Benign,23459,4518
ROI_4,Benign,23554,4565
ROI_4,Benign,23688,4581
ROI_4,Benign,23696,4589
ROI_4,Benign,23759,4597
ROI_4,Benign,23767,4605
ROI_4,Benign,23807,4605
ROI_4,Benign,23815,4612
ROI_4,Benign,23854,4612
ROI_4,Benign,23894,4628
ROI_4,Benign,24020,4644
ROI_4,Benign,24139,4684
ROI_4,Benign,24210,4691
ROI_4,Benign,24241,4707
ROI_4,Benign,24289,4707
ROI_4,Benign,24296,4715
ROI_4,Benign,24336,4715
ROI_4,Benign,24344,4723
ROI_4,Benign,24431,4723
ROI_4,Benign,24439,4731
ROI_4,Benign,24462,4731
ROI_4,Benign,24502,4755
ROI_4,Benign,24526,4755
ROI_4,Benign,24549,4770
ROI_4,Benign,24612,4786
ROI_4,Benign,24668,4818
ROI_4,Benign,24739,4834
ROI_4,Benign,24810,4881
ROI_4,Benign,24857,4889
ROI_4,Benign,24881,4905
ROI_4,Benign,24968,4928
ROI_4,Benign,25086,4984
ROI_4,Benign,25157,5007
ROI_4,Benign,25213,5015
ROI_4,Benign,25221,5023
ROI_4,Benign,25244,5023
ROI_4,Benign,25379,5071
ROI_4,Benign,25537,5094
ROI_4,Benign,25647,5134
ROI_4,Benign,25734,5150
ROI_4,Benign,25837,5197
ROI_4,Benign,25924,5221
ROI_4,Benign,25963,5244
ROI_4,Benign,25987,5244
ROI_4,Benign,26011,5260
ROI_4,Benign,26034,5260
ROI_4,Benign,26058,5276
ROI_4,Benign,26169,5308
ROI_4,Benign,26216,5339
ROI_4,Benign,26248,5347
ROI_4,Benign,26334,5410
ROI_4,Benign,26358,5418
ROI_4,Benign,26413,5466
ROI_4,Benign,26453,5513
ROI_4,Benign,26484,5521
ROI_4,Benign,26508,5537
ROI_4,Benign,26563,5592
ROI_4,Benign,26579,5624
ROI_4,Benign,26635,5663
ROI_4,Benign,26721,5758
ROI_4,Benign,26785,5789
ROI_4,Benign,26832,5845
ROI_4,Benign,26856,5853
ROI_4,Benign,26903,5900
ROI_4,Benign,26927,5908
ROI_4,Benign,26958,5939
ROI_4,Benign,27053,5995
ROI_4,Benign,27085,6026
ROI_4,Benign,27101,6026
ROI_4,Benign,27148,6050
ROI_4,Benign,27195,6082
ROI_4,Benign,27243,6097
ROI_4,Benign,27353,6161
ROI_4,Benign,27393,6169
ROI_4,Benign,27488,6216
ROI_4,Benign,27503,6216
ROI_4,Benign,27598,6271
ROI_4,Benign,27622,6271
ROI_4,Benign,27661,6287
ROI_4,Benign,27693,6287
ROI_4,Benign,27835,6334
ROI_4,Benign,27914,6350
ROI_4,Benign,27938,6366
ROI_4,Benign,27993,6382
ROI_4,Benign,28048,6413
ROI_4,Benign,28064,6413
ROI_4,Benign,28120,6445
ROI_4,Benign,28135,6445
ROI_4,Benign,28151,6461
ROI_4,Benign,28191,6477
ROI_4,Benign,28214,6500
ROI_4,Benign,28325,6548
ROI_4,Benign,28357,6571
ROI_4,Benign,28436,6595
ROI_4,Benign,28586,6706
ROI_4,Benign,28665,6785
ROI_4,Benign,28696,6800
ROI_4,Benign,28720,6824
ROI_4,Benign,28775,6848
ROI_4,Benign,28791,6872
ROI_4,Benign,28838,6911
ROI_4,Benign,28933,6974
ROI_4,Benign,28949,6974
ROI_4,Benign,28981,7006
ROI_4,Benign,29162,7101
ROI_4,Benign,29210,7148
ROI_4,Benign,29273,7187
ROI_4,Benign,29360,7290
ROI_4,Benign,29407,7314
ROI_4,Benign,29494,7385
ROI_4,Benign,29518,7393
ROI_4,Benign,29557,7424
ROI_4,Benign,29605,7440
ROI_4,Benign,29636,7464
ROI_4,Benign,29707,7488
ROI_4,Benign,29763,7519
ROI_4,Benign,29778,7519
ROI_4,Benign,29794,7535
ROI_4,Benign,29865,7567
ROI_4,Benign,29881,7582
ROI_4,Benign,29897,7582
ROI_4,Benign,29952,7622
ROI_4,Benign,30000,7669
ROI_4,Benign,30039,7685
ROI_4,Benign,30063,7709
ROI_4,Benign,30086,7717
ROI_4,Benign,30142,7764
ROI_4,Benign,30165,7772
ROI_4,Benign,30181,7788
ROI_4,Benign,30284,7819
ROI_4,Benign,30323,7843
ROI_4,Benign,30371,7851
ROI_4,Benign,30379,7859
ROI_4,Benign,30426,7859
ROI_4,Benign,30434,7867
ROI_4,Benign,30473,7867
ROI_4,Benign,30481,7875
ROI_4,Benign,30537,7883
ROI_4,Benign,30552,7898
ROI_4,Benign,30584,7906
ROI_4,Benign,30608,7922
ROI_4,Benign,30718,7946
ROI_4,Benign,30813,7977
ROI_4,Benign,30853,7977
ROI_4,Benign,30860,7985
ROI_4,Benign,30900,7985
ROI_4,Benign,30908,7993
ROI_4,Benign,30963,7993
ROI_4,Benign,30971,8001
ROI_4,Benign,31200,8009
ROI_4,Benign,31208,8017
ROI_4,Benign,31248,8017
ROI_4,Benign,31255,8025
ROI_4,Benign,31319,8025
ROI_4,Benign,31327,8033
ROI_4,Benign,31413,8033
ROI_4,Benign,31421,8041
ROI_4,Benign,31461,8041
ROI_4,Benign,31469,8048
ROI_4,Benign,31579,8064
ROI_4,Benign,31587,8072
ROI_4,Benign,31635,8072
ROI_4,Benign,31642,8080
ROI_4,Benign,31800,8072
ROI_4,Benign,31840,8056
ROI_4,Benign,32037,8033
ROI_4,Benign,32045,8025
ROI_4,Benign,32069,8025
ROI_4,Benign,32093,8009
ROI_4,Benign,32124,8009
ROI_4,Benign,32172,7993
ROI_4,Benign,32235,7993
ROI_4,Benign,32243,8001
ROI_4,Benign,32290,8009
ROI_4,Benign,32385,8072
ROI_4,Benign,32417,8080
ROI_4,Benign,32456,8104
ROI_4,Benign,32496,8112
ROI_4,Benign,32598,8167
ROI_4,Benign,32630,8175
ROI_4,Benign,32646,8191
ROI_4,Benign,32733,8206
ROI_4,Benign,32756,8222
ROI_4,Benign,32788,8222
ROI_4,Benign,32835,8238
ROI_4,Benign,32875,8238
ROI_4,Benign,32883,8246
ROI_4,Benign,32969,8262
ROI_4,Benign,32977,8270
ROI_4,Benign,33033,8278
ROI_4,Benign,33041,8285
ROI_4,Benign,33112,8293
ROI_4,Benign,33285,8357
ROI_4,Benign,33309,8357
ROI_4,Benign,33357,8372
ROI_4,Benign,33404,8404
ROI_4,Benign,33546,8443
ROI_4,Benign,33672,8507
ROI_4,Benign,33688,8507
ROI_4,Benign,33712,8530
ROI_4,Benign,33744,8538
ROI_4,Benign,33823,8578
ROI_4,Benign,33846,8601
ROI_4,Benign,33878,8609
ROI_4,Benign,33933,8657
ROI_4,Benign,34004,8696
ROI_4,Benign,34028,8720
ROI_4,Benign,34083,8744
ROI_4,Benign,34139,8791
ROI_4,Benign,34289,8862
ROI_4,Benign,34328,8870
ROI_4,Benign,34368,8909
ROI_4,Benign,34415,8941
ROI_4,Benign,34454,8957
ROI_4,Benign,34486,8988
ROI_4,Benign,34510,8996
ROI_4,Benign,34557,9052
ROI_4,Benign,34565,9052
ROI_4,Benign,34605,9091
ROI_4,Benign,34605,9099
ROI_4,Benign,34652,9146
ROI_4,Benign,34676,9202
ROI_4,Benign,34707,9225
ROI_4,Benign,34747,9304
ROI_4,Benign,34794,9375
ROI_4,Benign,34826,9407
ROI_4,Benign,34857,9462
ROI_4,Benign,34913,9518
ROI_4,Benign,34921,9541
ROI_4,Benign,34976,9589
ROI_4,Benign,34984,9612
ROI_4,Benign,35015,9644
ROI_4,Benign,35047,9699
ROI_4,Benign,35110,9770
ROI_4,Benign,35110,9794
ROI_4,Benign,35142,9842
ROI_4,Benign,35142,9857
ROI_4,Benign,35173,9913
ROI_4,Benign,35181,9952
ROI_4,Benign,35205,9976
ROI_4,Benign,35236,10031
ROI_4,Benign,35236,10055
ROI_4,Benign,35323,10181
ROI_4,Benign,35363,10221
ROI_4,Benign,35371,10244
ROI_4,Benign,35505,10387
ROI_4,Benign,35513,10387
ROI_4,Benign,35568,10442
ROI_4,Benign,35592,10450
ROI_4,Benign,35624,10481
ROI_4,Benign,35663,10505
ROI_4,Benign,35710,10552
ROI_4,Benign,35758,10576
ROI_4,Benign,35821,10624
ROI_4,Benign,35845,10631
ROI_4,Benign,35916,10695
ROI_4,Benign,35987,10726
ROI_4,Benign,36066,10781
ROI_4,Benign,36090,10789
ROI_4,Benign,36129,10829
ROI_4,Benign,36161,10837
ROI_4,Benign,36208,10876
ROI_4,Benign,36295,10916
ROI_4,Benign,36311,10932
ROI_4,Benign,36508,11011
ROI_4,Benign,36587,11018
ROI_4,Benign,36698,11082
ROI_4,Benign,36769,11105
ROI_4,Benign,36808,11137
ROI_4,Benign,36864,11161
ROI_4,Benign,36895,11192
ROI_4,Benign,37116,11295
ROI_4,Benign,37156,11327
ROI_4,Benign,37235,11350
ROI_4,Benign,37282,11374
ROI_4,Benign,37298,11390
ROI_4,Benign,37369,11413
ROI_4,Benign,37385,11429
ROI_4,Benign,37432,11453
ROI_4,Benign,37511,11477
ROI_4,Benign,37575,11524
ROI_4,Benign,37614,11540
ROI_4,Benign,37661,11579
ROI_4,Benign,37733,11619
ROI_4,Benign,37756,11642
ROI_4,Benign,37788,11658
ROI_4,Benign,37835,11706
ROI_4,Benign,37875,11721
ROI_4,Benign,37922,11769
ROI_4,Benign,37930,11769
ROI_4,Benign,37969,11816
ROI_4,Benign,38048,11856
ROI_4,Benign,38080,11887
ROI_4,Benign,38127,11911
ROI_4,Benign,38183,11958
ROI_4,Benign,38254,11998
ROI_4,Benign,38333,12085
ROI_4,Benign,38436,12180
ROI_4,Benign,38443,12203
ROI_4,Benign,38475,12235
ROI_4,Benign,38483,12235
ROI_4,Benign,38562,12306
ROI_4,Benign,38578,12338
ROI_4,Benign,38625,12377
ROI_4,Benign,38665,12432
ROI_4,Benign,38696,12503
ROI_4,Benign,38720,12590
ROI_4,Benign,38775,12685
ROI_4,Benign,38807,12780
ROI_4,Benign,38823,12804
ROI_4,Benign,38830,12851
ROI_4,Benign,38878,12938
ROI_4,Benign,38886,13009
ROI_4,Benign,38894,13017
ROI_4,Benign,38894,13214
ROI_4,Benign,38846,13357
ROI_4,Benign,38823,13396
ROI_4,Benign,38807,13443
ROI_4,Benign,38736,13538
ROI_4,Benign,38712,13554
ROI_4,Benign,38688,13601
ROI_4,Benign,38562,13696
ROI_4,Benign,38491,13728
ROI_4,Benign,38475,13744
ROI_4,Benign,38459,13744
ROI_4,Benign,38436,13767
ROI_4,Benign,38341,13815
ROI_4,Benign,38285,13862
ROI_4,Benign,38222,13894
ROI_4,Benign,38199,13917
ROI_4,Benign,38127,13941
ROI_4,Benign,38104,13957
ROI_4,Benign,38088,13957
ROI_4,Benign,38041,13988
ROI_4,Benign,37875,14044
ROI_4,Benign,37819,14052
ROI_4,Benign,37669,14107
ROI_4,Benign,37638,14107
ROI_4,Benign,37598,14123
ROI_4,Benign,37543,14131
ROI_4,Benign,37488,14154
ROI_4,Benign,37440,14162
ROI_4,Benign,37417,14178
ROI_4,Benign,37338,14194
ROI_4,Benign,37251,14241
ROI_4,Benign,37211,14249
ROI_4,Benign,37093,14312
ROI_4,Benign,37045,14328
ROI_4,Benign,37006,14360
ROI_4,Benign,36935,14391
ROI_4,Benign,36911,14415
ROI_4,Benign,36864,14439
ROI_4,Benign,36824,14447
ROI_4,Benign,36753,14502
ROI_4,Benign,36698,14526
ROI_4,Benign,36658,14557
ROI_4,Benign,36571,14597
ROI_4,Benign,36556,14612
ROI_4,Benign,36500,14636
ROI_4,Benign,36477,14660
ROI_4,Benign,36461,14660
ROI_4,Benign,36437,14676
ROI_4,Benign,36319,14715
ROI_4,Benign,36295,14715
ROI_4,Benign,36208,14755
ROI_4,Benign,36184,14755
ROI_4,Benign,36066,14810
ROI_4,Benign,35947,14834
ROI_4,Benign,35900,14865
ROI_4,Benign,35853,14881
ROI_4,Benign,35766,14889
ROI_4,Benign,35726,14905
ROI_4,Benign,35687,14905
ROI_4,Benign,35647,14921
ROI_4,Benign,35600,14921
ROI_4,Benign,35592,14928
ROI_4,Benign,35521,14921
ROI_4,Benign,35481,14905
ROI_4,Benign,35339,14905
ROI_4,Benign,35331,14913
ROI_4,Benign,35300,14913
ROI_4,Benign,35181,14952
ROI_4,Benign,35102,15023
ROI_4,Benign,35094,15047
ROI_4,Benign,34984,15157
ROI_4,Benign,34952,15205
ROI_4,Benign,34913,15284
ROI_4,Benign,34905,15315
ROI_4,Benign,34889,15331
ROI_4,Benign,34889,15355
ROI_4,Benign,34873,15387
ROI_4,Benign,34873,15410
ROI_4,Benign,34849,15481
ROI_4,Benign,34818,15529
ROI_4,Benign,34763,15576
ROI_4,Benign,34573,15639
ROI_4,Benign,34423,15655
ROI_4,Benign,34320,15695
ROI_4,Benign,34131,15695
ROI_4,Benign,34123,15687
ROI_4,Benign,33925,15679
ROI_4,Benign,33917,15671
ROI_4,Benign,33783,15671
ROI_4,Benign,33775,15679
ROI_4,Benign,33736,15679
ROI_4,Benign,33728,15687
ROI_4,Benign,33578,15687
ROI_4,Benign,33570,15679
ROI_4,Benign,33515,15679
ROI_4,Benign,33507,15671
ROI_4,Benign,33357,15663
ROI_4,Benign,33349,15655
ROI_4,Benign,33167,15655
ROI_4,Benign,33064,15608
ROI_4,Benign,33041,15608
ROI_4,Benign,33033,15600
ROI_4,Benign,33009,15600
ROI_4,Benign,32938,15576
ROI_4,Benign,32638,15576
ROI_4,Benign,32630,15568
ROI_4,Benign,32377,15576
ROI_4,Benign,32369,15568
ROI_4,Benign,32211,15568
ROI_4,Benign,32203,15560
ROI_4,Benign,32156,15560
ROI_4,Benign,32116,15545
ROI_4,Benign,32077,15545
ROI_4,Benign,32045,15529
ROI_4,Benign,31958,15521
ROI_4,Benign,31911,15505
ROI_4,Benign,31729,15497
ROI_4,Benign,31682,15481
ROI_4,Benign,31635,15481
ROI_4,Benign,31595,15466
ROI_4,Benign,31563,15466
ROI_4,Benign,31556,15458
ROI_4,Benign,31500,15458
ROI_4,Benign,31492,15450
ROI_4,Benign,31453,15450
ROI_4,Benign,31445,15442
ROI_4,Benign,31382,15434
ROI_4,Benign,31303,15394
ROI_4,Benign,31248,15387
ROI_4,Benign,31082,15331
ROI_4,Benign,30995,15315
ROI_4,Benign,30900,15260
ROI_4,Benign,30884,15260
ROI_4,Benign,30813,15221
ROI_4,Benign,30766,15205
ROI_4,Benign,30473,15205
ROI_4,Benign,30466,15197
ROI_4,Benign,30418,15197
ROI_4,Benign,30379,15181
ROI_4,Benign,30331,15142
ROI_4,Benign,30252,15102
ROI_4,Benign,30229,15078
ROI_4,Benign,30189,15063
ROI_4,Benign,30157,15023
ROI_4,Benign,30102,14992
ROI_4,Benign,30055,14984
ROI_4,Benign,30031,14968
ROI_4,Benign,30007,14968
ROI_4,Benign,30000,14960
ROI_4,Benign,29905,14952
ROI_4,Benign,29897,14944
ROI_4,Benign,29834,14944
ROI_4,Benign,29826,14936
ROI_4,Benign,29699,14936
ROI_4,Benign,29691,14944
ROI_4,Benign,29549,14952
ROI_4,Benign,29510,14968
ROI_4,Benign,29486,14968
ROI_4,Benign,29447,14992
ROI_4,Benign,29423,14992
ROI_4,Benign,29391,15007
ROI_4,Benign,29360,15007
ROI_4,Benign,29336,15023
ROI_4,Benign,29241,15055
ROI_4,Benign,29186,15055
ROI_4,Benign,29178,15063
ROI_4,Benign,29067,15063
ROI_4,Benign,29060,15071
ROI_4,Benign,28917,15071
ROI_4,Benign,28909,15063
ROI_4,Benign,28846,15055
ROI_4,Benign,28759,15015
ROI_4,Benign,28672,14992
ROI_4,Benign,28633,14968
ROI_4,Benign,28609,14968
ROI_4,Benign,28578,14952
ROI_4,Benign,28538,14952
ROI_4,Benign,28507,14936
ROI_4,Benign,28459,14928
ROI_4,Benign,28396,14889
ROI_4,Benign,28349,14881
ROI_4,Benign,28341,14873
ROI_4,Benign,28222,14865
ROI_4,Benign,28199,14881
ROI_4,Benign,28167,14889
ROI_4,Benign,28135,14913
ROI_4,Benign,28104,14905
ROI_4,Benign,28025,14834
ROI_4,Benign,27993,14763
ROI_4,Benign,27962,14723
ROI_4,Benign,27954,14699
ROI_4,Benign,27914,14668
ROI_4,Benign,27875,14612
ROI_4,Benign,27843,14597
ROI_4,Benign,27812,14565
ROI_4,Benign,27796,14565
ROI_4,Benign,27701,14518
ROI_4,Benign,27622,14510
ROI_4,Benign,27614,14502
ROI_4,Benign,27480,14502
ROI_4,Benign,27472,14494
ROI_4,Benign,27266,14494
ROI_4,Benign,27259,14502
ROI_4,Benign,27227,14502
ROI_4,Benign,27093,14573
ROI_4,Benign,27045,14660
ROI_4,Benign,27006,14707
ROI_4,Benign,26935,14849
ROI_4,Benign,26861,14915
ROI_4,Benign,27296,15156
ROI_4,Benign,27243,15205
ROI_4,Benign,27330,15126
ROI_4,Benign,27353,15118
ROI_4,Benign,27432,15118
ROI_4,Benign,27488,15150
ROI_4,Benign,27590,15244
ROI_4,Benign,27614,15252
ROI_4,Benign,27725,15331
ROI_4,Benign,27748,15339
ROI_4,Benign,27772,15363
ROI_4,Benign,27812,15371
ROI_4,Benign,27851,15394
ROI_4,Benign,27875,15394
ROI_4,Benign,27906,15410
ROI_4,Benign,27938,15410
ROI_4,Benign,27977,15426
ROI_4,Benign,28072,15426
ROI_4,Benign,28080,15434
ROI_4,Benign,28167,15434
ROI_4,Benign,28175,15442
ROI_4,Benign,28301,15442
ROI_4,Benign,28309,15450
ROI_4,Benign,28396,15458
ROI_4,Benign,28404,15466
ROI_4,Benign,28443,15466
ROI_4,Benign,28538,15497
ROI_4,Benign,28570,15497
ROI_4,Benign,28578,15505
ROI_4,Benign,28601,15505
ROI_4,Benign,28672,15529
ROI_4,Benign,28704,15529
ROI_4,Benign,28744,15545
ROI_4,Benign,28767,15545
ROI_4,Benign,28775,15552
ROI_4,Benign,28854,15560
ROI_4,Benign,28862,15568
ROI_4,Benign,28909,15568
ROI_4,Benign,28917,15576
ROI_4,Benign,28965,15576
ROI_4,Benign,28973,15584
ROI_4,Benign,29178,15592
ROI_4,Benign,29186,15584
ROI_4,Benign,29233,15584
ROI_4,Benign,29241,15576
ROI_4,Benign,29281,15576
ROI_4,Benign,29328,15560
ROI_4,Benign,29360,15560
ROI_4,Benign,29368,15552
ROI_4,Benign,29439,15552
ROI_4,Benign,29447,15545
ROI_4,Benign,29605,15552
ROI_4,Benign,29612,15560
ROI_4,Benign,29660,15560
ROI_4,Benign,29668,15552
ROI_4,Benign,29936,15552
ROI_4,Benign,29944,15560
ROI_4,Benign,30181,15560
ROI_4,Benign,30189,15568
ROI_4,Benign,30229,15568
ROI_4,Benign,30236,15576
ROI_4,Benign,30284,15584
ROI_4,Benign,30308,15608
ROI_4,Benign,30339,15624
ROI_4,Benign,30363,15624
ROI_4,Benign,30410,15639
ROI_4,Benign,30497,15687
ROI_4,Benign,30568,15710
ROI_4,Benign,30592,15710
ROI_4,Benign,30631,15734
ROI_4,Benign,30781,15766
ROI_4,Benign,30853,15789
ROI_4,Benign,30868,15805
ROI_4,Benign,31011,15853
ROI_4,Benign,31034,15853
ROI_4,Benign,31066,15868
ROI_4,Benign,31129,15876
ROI_4,Benign,31137,15884
ROI_4,Benign,31216,15892
ROI_4,Benign,31248,15908
ROI_4,Benign,31303,15916
ROI_4,Benign,31374,15947
ROI_4,Benign,31469,15963
ROI_4,Benign,31500,15979
ROI_4,Benign,31524,15979
ROI_4,Benign,31642,16018
ROI_4,Benign,31674,16018
ROI_4,Benign,31714,16034
ROI_4,Benign,31745,16034
ROI_4,Benign,31753,16042
ROI_4,Benign,31808,16050
ROI_4,Benign,32022,16121
ROI_4,Benign,32061,16121
ROI_4,Benign,32069,16129
ROI_4,Benign,32243,16129
ROI_4,Benign,32251,16121
ROI_4,Benign,32298,16121
ROI_4,Benign,32306,16113
ROI_4,Benign,32338,16113
ROI_4,Benign,32385,16097
ROI_4,Benign,32519,16090
ROI_4,Benign,32582,16113
ROI_4,Benign,32614,16113
ROI_4,Benign,32622,16121
ROI_4,Benign,32693,16121
ROI_4,Benign,32701,16129
ROI_4,Benign,32812,16137
ROI_4,Benign,32851,16153
ROI_4,Benign,32883,16153
ROI_4,Benign,32922,16169
ROI_4,Benign,32954,16169
ROI_4,Benign,32993,16184
ROI_4,Benign,33017,16184
ROI_4,Benign,33025,16192
ROI_4,Benign,33317,16208
ROI_4,Benign,33412,16240
ROI_4,Benign,33451,16240
ROI_4,Benign,33499,16255
ROI_4,Benign,33538,16255
ROI_4,Benign,33546,16263
ROI_4,Benign,33593,16263
ROI_4,Benign,33601,16271
ROI_4,Benign,33633,16271
ROI_4,Benign,33672,16287
ROI_4,Benign,33712,16287
ROI_4,Benign,33720,16295
ROI_4,Benign,33767,16295
ROI_4,Benign,33775,16303
ROI_4,Benign,33799,16303
ROI_4,Benign,33870,16327
ROI_4,Benign,33909,16350
ROI_4,Benign,33965,16358
ROI_4,Benign,34004,16374
ROI_4,Benign,34060,16374
ROI_4,Benign,34067,16382
ROI_4,Benign,34407,16382
ROI_4,Benign,34415,16374
ROI_4,Benign,34494,16366
ROI_4,Benign,34533,16350
ROI_4,Benign,34565,16350
ROI_4,Benign,34573,16342
ROI_4,Benign,34739,16350
ROI_4,Benign,34747,16342
ROI_4,Benign,34810,16342
ROI_4,Benign,34818,16334
ROI_4,Benign,34976,16334
ROI_4,Benign,34984,16327
ROI_4,Benign,35055,16319
ROI_4,Benign,35063,16311
ROI_4,Benign,35213,16287
ROI_4,Benign,35252,16263
ROI_4,Benign,35276,16263
ROI_4,Benign,35284,16255
ROI_4,Benign,35331,16255
ROI_4,Benign,35355,16248
ROI_4,Benign,35434,16208
ROI_4,Benign,35458,16208
ROI_4,Benign,35505,16192
ROI_4,Benign,35545,16169
ROI_4,Benign,35584,16161
ROI_4,Benign,35616,16137
ROI_4,Benign,35647,16129
ROI_4,Benign,35695,16082
ROI_4,Benign,35710,16082
ROI_4,Benign,35781,16042
ROI_4,Benign,35797,16042
ROI_4,Benign,35868,16011
ROI_4,Benign,35947,16003
ROI_4,Benign,35955,15995
ROI_4,Benign,36011,15995
ROI_4,Benign,36058,15979
ROI_4,Benign,36169,15979
ROI_4,Benign,36176,15971
ROI_4,Benign,36232,15971
ROI_4,Benign,36240,15963
ROI_4,Benign,36287,15963
ROI_4,Benign,36295,15955
ROI_4,Benign,36413,15947
ROI_4,Benign,36421,15939
ROI_4,Benign,36484,15932
ROI_4,Benign,36516,15916
ROI_4,Benign,36540,15916
ROI_4,Benign,36548,15908
ROI_4,Benign,36571,15908
ROI_4,Benign,36579,15900
ROI_4,Benign,36729,15876
ROI_4,Benign,36777,15860
ROI_4,Benign,36824,15829
ROI_4,Benign,36856,15829
ROI_4,Benign,36864,15821
ROI_4,Benign,36951,15821
ROI_4,Benign,36958,15813
ROI_4,Benign,37045,15813
ROI_4,Benign,37235,15750
ROI_4,Benign,37314,15687
ROI_4,Benign,37377,15655
ROI_4,Benign,37456,15584
ROI_4,Benign,37488,15576
ROI_4,Benign,37535,15537
ROI_4,Benign,37535,15529
ROI_4,Benign,37575,15489
ROI_4,Benign,37582,15466
ROI_4,Benign,37614,15434
ROI_4,Benign,37630,15394
ROI_4,Benign,37661,15363
ROI_4,Benign,37685,15315
ROI_4,Benign,37748,15244
ROI_4,Benign,37764,15205
ROI_4,Benign,37796,15173
ROI_4,Benign,37796,15157
ROI_4,Benign,37827,15102
ROI_4,Benign,37827,15086
ROI_4,Benign,37906,15007
ROI_4,Benign,38041,14936
ROI_4,Benign,38199,14826
ROI_4,Benign,38246,14810
ROI_4,Benign,38404,14818
ROI_4,Benign,38451,14802
ROI_4,Benign,38499,14802
ROI_4,Benign,38578,14834
ROI_4,Benign,38617,14834
ROI_4,Benign,38625,14842
ROI_4,Benign,38680,14842
ROI_4,Benign,38688,14849
ROI_4,Benign,38815,14849
ROI_4,Benign,38878,14826
ROI_4,Benign,38973,14763
ROI_4,Benign,39012,14747
ROI_4,Benign,39154,14620
ROI_4,Benign,39178,14612
ROI_4,Benign,39241,14549
ROI_4,Benign,39249,14549
ROI_4,Benign,39273,14518
ROI_4,Benign,39399,14399
ROI_4,Benign,39399,14391
ROI_4,Benign,39502,14281
ROI_4,Benign,39541,14194
ROI_4,Benign,39628,14099
ROI_4,Benign,39652,14044
ROI_4,Benign,39699,13981
ROI_4,Benign,39715,13941
ROI_4,Benign,39763,13870
ROI_4,Benign,39763,13854
ROI_4,Benign,39794,13783
ROI_4,Benign,39794,13759
ROI_4,Benign,39842,13665
ROI_4,Benign,39849,13625
ROI_4,Benign,39865,13601
ROI_4,Benign,39865,13570
ROI_4,Benign,39881,13538
ROI_4,Benign,39897,13396
ROI_4,Benign,39905,13388
ROI_4,Benign,39905,13364
ROI_4,Benign,39921,13333
ROI_4,Benign,39921,13301
ROI_4,Benign,39944,13230
ROI_4,Benign,39952,13112
ROI_4,Benign,39944,13104
ROI_4,Benign,39944,12914
ROI_4,Benign,39936,12906
ROI_4,Benign,39936,12875
ROI_4,Benign,39921,12835
ROI_4,Benign,39921,12812
ROI_4,Benign,39889,12740
ROI_4,Benign,39881,12685
ROI_4,Benign,39826,12598
ROI_4,Benign,39818,12567
ROI_4,Benign,39778,12519
ROI_4,Benign,39739,12440
ROI_4,Benign,39691,12377
ROI_4,Benign,39652,12345
ROI_4,Benign,39589,12274
ROI_4,Benign,39581,12251
ROI_4,Benign,39502,12140
ROI_4,Benign,39454,12101
ROI_4,Benign,39439,12061
ROI_4,Benign,39399,12014
ROI_4,Benign,39352,11927
ROI_4,Benign,39320,11895
ROI_4,Benign,39304,11864
ROI_4,Benign,39265,11832
ROI_4,Benign,39257,11808
ROI_4,Benign,39233,11785
ROI_4,Benign,39186,11706
ROI_4,Benign,39099,11611
ROI_4,Benign,39067,11595
ROI_4,Benign,39004,11532
ROI_4,Benign,38988,11500
ROI_4,Benign,38941,11453
ROI_4,Benign,38933,11429
ROI_4,Benign,38894,11390
ROI_4,Benign,38878,11358
ROI_4,Benign,38823,11311
ROI_4,Benign,38815,11287
ROI_4,Benign,38791,11263
ROI_4,Benign,38791,11248
ROI_4,Benign,38751,11176
ROI_4,Benign,38672,11105
ROI_4,Benign,38641,11090
ROI_4,Benign,38601,11042
ROI_4,Benign,38562,11026
ROI_4,Benign,38491,10979
ROI_4,Benign,38451,10971
ROI_4,Benign,38380,10932
ROI_4,Benign,38325,10924
ROI_4,Benign,38317,10916
ROI_4,Benign,38238,10908
ROI_4,Benign,38088,10853
ROI_4,Benign,37969,10829
ROI_4,Benign,37914,10789
ROI_4,Benign,37898,10789
ROI_4,Benign,37859,10766
ROI_4,Benign,37693,10710
ROI_4,Benign,37630,10663
ROI_4,Benign,37519,10639
ROI_4,Benign,37377,10584
ROI_4,Benign,37322,10576
ROI_4,Benign,37172,10466
ROI_4,Benign,37109,10402
ROI_4,Benign,37077,10394
ROI_4,Benign,37030,10371
ROI_4,Benign,37014,10355
ROI_4,Benign,36958,10331
ROI_4,Benign,36927,10300
ROI_4,Benign,36927,10284
ROI_4,Benign,36864,10205
ROI_4,Benign,36848,10181
ROI_4,Benign,36848,10165
ROI_4,Benign,36800,10118
ROI_4,Benign,36721,9976
ROI_4,Benign,36674,9936
ROI_4,Benign,36658,9897
ROI_4,Benign,36635,9873
ROI_4,Benign,36603,9810
ROI_4,Benign,36595,9778
ROI_4,Benign,36563,9747
ROI_4,Benign,36540,9699
ROI_4,Benign,36508,9494
ROI_4,Benign,36477,9407
ROI_4,Benign,36477,9383
ROI_4,Benign,36461,9360
ROI_4,Benign,36461,9320
ROI_4,Benign,36453,9312
ROI_4,Benign,36453,9289
ROI_4,Benign,36437,9241
ROI_4,Benign,36413,9194
ROI_4,Benign,36398,9178
ROI_4,Benign,36390,9146
ROI_4,Benign,36366,9115
ROI_4,Benign,36350,9075
ROI_4,Benign,36303,9036
ROI_4,Benign,36295,9004
ROI_4,Benign,36248,8933
ROI_4,Benign,36224,8862
ROI_4,Benign,36184,8815
ROI_4,Benign,36169,8783
ROI_4,Benign,36169,8759
ROI_4,Benign,36121,8688
ROI_4,Benign,36097,8633
ROI_4,Benign,36050,8601
ROI_4,Benign,35979,8530
ROI_4,Benign,35979,8515
ROI_4,Benign,35955,8491
ROI_4,Benign,35884,8443
ROI_4,Benign,35805,8412
ROI_4,Benign,35781,8380
ROI_4,Benign,35750,8364
ROI_4,Benign,35718,8333
ROI_4,Benign,35576,8293
ROI_4,Benign,35545,8270
ROI_4,Benign,35537,8254
ROI_4,Benign,35481,8230
ROI_4,Benign,35466,8214
ROI_4,Benign,35394,8191
ROI_4,Benign,35371,8191
ROI_4,Benign,35339,8167
ROI_4,Benign,35308,8159
ROI_4,Benign,35268,8127
ROI_4,Benign,35229,8120
ROI_4,Benign,35205,8104
ROI_4,Benign,35181,8104
ROI_4,Benign,35071,8025
ROI_4,Benign,34976,8001
ROI_4,Benign,34834,7938
ROI_4,Benign,34684,7914
ROI_4,Benign,34589,7859
ROI_4,Benign,34454,7827
ROI_4,Benign,34312,7748
ROI_4,Benign,34218,7740
ROI_4,Benign,34170,7725
ROI_4,Benign,34131,7701
ROI_4,Benign,34107,7701
ROI_4,Benign,34036,7677
ROI_4,Benign,33965,7630
ROI_4,Benign,33917,7614
ROI_4,Benign,33878,7582
ROI_4,Benign,33815,7551
ROI_4,Benign,33759,7543
ROI_4,Benign,33751,7535
ROI_4,Benign,33641,7535
ROI_4,Benign,33459,7456
ROI_4,Benign,33380,7448
ROI_4,Benign,33372,7440
ROI_4,Benign,33364,7448
ROI_4,Benign,33254,7440
ROI_4,Benign,33222,7424
ROI_4,Benign,33199,7424
ROI_4,Benign,33151,7409
ROI_4,Benign,33072,7369
ROI_4,Benign,33048,7369
ROI_4,Benign,33009,7353
ROI_4,Benign,32977,7353
ROI_4,Benign,32969,7345
ROI_4,Benign,32883,7338
ROI_4,Benign,32740,7290
ROI_4,Benign,32622,7290
ROI_4,Benign,32551,7259
ROI_4,Benign,32503,7243
ROI_4,Benign,32472,7243
ROI_4,Benign,32464,7235
ROI_4,Benign,32417,7235
ROI_4,Benign,32409,7227
ROI_4,Benign,32235,7227
ROI_4,Benign,32101,7180
ROI_4,Benign,32069,7180
ROI_4,Benign,32061,7172
ROI_4,Benign,31864,7172
ROI_4,Benign,31856,7164
ROI_4,Benign,31785,7156
ROI_4,Benign,31737,7132
ROI_4,Benign,31690,7116
ROI_4,Benign,31658,7116
ROI_4,Benign,31650,7109
ROI_4,Benign,31500,7093
ROI_4,Benign,31453,7077
ROI_4,Benign,31421,7077
ROI_4,Benign,31413,7069
ROI_4,Benign,31255,7069
ROI_4,Benign,31216,7053
ROI_4,Benign,31129,7037
ROI_4,Benign,31050,6982
ROI_4,Benign,30963,6958
ROI_4,Benign,30908,6927
ROI_4,Benign,30892,6927
ROI_4,Benign,30868,6911
ROI_4,Benign,30829,6864
ROI_4,Benign,30781,6840
ROI_4,Benign,30742,6832
ROI_4,Benign,30726,6816
ROI_4,Benign,30687,6800
ROI_4,Benign,30552,6674
ROI_4,Benign,30521,6611
ROI_4,Benign,30481,6571
ROI_4,Benign,30450,6508
ROI_4,Benign,30402,6461
ROI_4,Benign,30379,6453
ROI_4,Benign,30292,6358
ROI_4,Benign,30189,6327
ROI_4,Benign,30157,6303
ROI_4,Benign,30134,6303
ROI_4,Benign,30110,6287
ROI_4,Benign,30071,6279
ROI_4,Benign,30031,6248
ROI_4,Benign,29936,6208
ROI_4,Benign,29905,6176
ROI_4,Benign,29873,6169
ROI_4,Benign,29834,6145
ROI_4,Benign,29810,6145
ROI_4,Benign,29778,6129
ROI_4,Benign,29731,6129
ROI_4,Benign,29628,6090
ROI_4,Benign,29581,6050
ROI_4,Benign,29502,6011
ROI_4,Benign,29399,5924
ROI_4,Benign,29312,5900
ROI_4,Benign,29273,5860
ROI_4,Benign,29233,5845
ROI_4,Benign,29162,5789
ROI_4,Benign,29020,5647
ROI_4,Benign,28996,5639
ROI_4,Benign,28965,5608
ROI_4,Benign,28917,5584
ROI_4,Benign,28886,5552
ROI_4,Benign,28838,5537
ROI_4,Benign,28720,5529
ROI_4,Benign,28657,5497
ROI_4,Benign,28641,5481
ROI_4,Benign,28609,5481
ROI_4,Benign,28515,5450
ROI_4,Benign,28443,5442
ROI_4,Benign,28388,5418
ROI_4,Benign,28293,5410
ROI_4,Benign,28285,5402
ROI_4,Benign,28230,5402
ROI_4,Benign,28222,5394
ROI_4,Benign,28191,5394
ROI_4,Benign,28151,5379
ROI_4,Benign,28127,5379
ROI_4,Benign,28120,5371
ROI_4,Benign,28033,5363
ROI_4,Benign,28025,5355
ROI_4,Benign,27906,5347
ROI_4,Benign,27875,5331
ROI_4,Benign,27851,5331
ROI_4,Benign,27819,5315
ROI_4,Benign,27772,5308
ROI_4,Benign,27748,5292
ROI_4,Benign,27725,5292
ROI_4,Benign,27677,5276
ROI_4,Benign,27598,5229
ROI_4,Benign,27582,5229
ROI_4,Benign,27559,5213
ROI_4,Benign,27464,5181
ROI_4,Benign,27369,5094
ROI_4,Benign,27338,5078
ROI_4,Benign,27314,5047
ROI_4,Benign,27235,4976
ROI_4,Benign,27156,4936
ROI_4,Benign,27116,4905
ROI_4,Benign,27085,4897
ROI_4,Benign,27045,4857
ROI_4,Benign,27006,4842
ROI_4,Benign,26990,4826
ROI_4,Benign,26974,4826
ROI_4,Benign,26927,4794
ROI_4,Benign,26840,4755
ROI_4,Benign,26808,4723
ROI_4,Benign,26753,4699
ROI_4,Benign,26737,4684
ROI_4,Benign,26721,4684
ROI_4,Benign,26666,4652
ROI_4,Benign,26635,4652
ROI_4,Benign,26627,4644
ROI_4,Benign,26571,4636
ROI_4,Benign,26548,4612
ROI_4,Benign,26477,4581
ROI_4,Benign,26453,4581
ROI_4,Benign,26421,4557
ROI_4,Benign,26406,4557
ROI_4,Benign,26358,4526
ROI_4,Benign,26319,4518
ROI_4,Benign,26224,4462
ROI_4,Benign,26200,4462
ROI_4,Benign,26153,4447
ROI_4,Benign,26129,4431
ROI_4,Benign,26090,4423
ROI_4,Benign,26034,4391
ROI_4,Benign,26011,4391
ROI_4,Benign,25987,4375
ROI_4,Benign,25947,4368
ROI_4,Benign,25916,4344
ROI_4,Benign,25900,4344
ROI_4,Benign,25876,4328
ROI_4,Benign,25837,4320
ROI_4,Benign,25766,4273
ROI_4,Benign,25734,4257
ROI_4,Benign,25710,4257
ROI_4,Benign,25647,4218
ROI_4,Benign,25584,4202
ROI_4,Benign,25560,4186
ROI_4,Benign,25489,4162
ROI_4,Benign,25466,4162
ROI_4,Benign,25458,4154
ROI_4,Benign,25434,4154
ROI_4,Benign,25387,4139
ROI_4,Benign,25284,4083
ROI_4,Benign,25260,4083
ROI_4,Benign,25165,4052
ROI_4,Benign,25102,4020
ROI_4,Benign,25071,4020
ROI_4,Benign,25039,4004
ROI_4,Benign,25015,4004
ROI_4,Benign,24976,3981
ROI_4,Benign,24928,3965
ROI_4,Benign,24865,3957
ROI_4,Benign,24857,3949
ROI_4,Benign,24810,3949
ROI_4,Benign,24802,3941
ROI_4,Benign,24778,3941
ROI_4,Benign,24739,3925
ROI_4,Benign,24707,3925
ROI_4,Benign,24699,3917
ROI_4,Benign,24668,3917
ROI_4,Benign,24597,3894
ROI_4,Benign,24541,3894
ROI_4,Benign,24533,3886
ROI_4,Benign,24486,3886
ROI_4,Benign,24478,3878
ROI_4,Benign,24423,3878
ROI_4,Benign,24360,3854
ROI_4,Benign,24304,3846
ROI_4,Benign,24296,3838
ROI_4,Benign,24257,3838
ROI_4,Benign,24249,3830
ROI_4,Benign,23933,3823
ROI_4,Benign,23925,3815
ROI_4,Benign,23870,3815
ROI_4,Benign,23799,3791
ROI_4,Benign,23759,3767
ROI_4,Benign,23712,3751
ROI_4,Benign,23672,3751
ROI_4,Benign,23586,3712
ROI_4,Benign,23515,3696
ROI_4,Benign,23420,3657
ROI_4,Benign,23396,3657
ROI_4,Benign,23357,3641
ROI_4,Benign,23309,3641
ROI_4,Benign,23270,3625
ROI_4,Benign,23238,3625
ROI_4,Benign,23206,3601
ROI_4,Benign,23183,3601
ROI_4,Benign,23135,3578
ROI_4,Benign,23104,3578
ROI_4,Benign,23064,3562
ROI_4,Benign,23041,3562
ROI_4,Benign,23009,3546
ROI_4,Benign,22938,3538
ROI_4,Benign,22930,3530
ROI_4,Benign,22883,3530
ROI_4,Benign,22875,3522
ROI_4,Benign,22827,3522
ROI_4,Benign,22819,3515
ROI_4,Benign,22764,3515
ROI_4,Benign,22756,3507
ROI_4,Benign,22717,3507
ROI_4,Benign,22709,3499
ROI_4,Benign,22661,3499
ROI_4,Benign,22654,3491
ROI_4,Benign,22606,3483
ROI_4,Benign,22567,3459
ROI_4,Benign,22480,3443
ROI_4,Benign,22448,3428
ROI_4,Benign,22369,3420
ROI_4,Benign,22361,3412
ROI_4,Benign,22298,3412
ROI_4,Benign,22290,3404
ROI_4,Benign,22227,3404
ROI_4,Benign,22187,3388
ROI_4,Benign,22156,3388
ROI_4,Benign,22014,3325
ROI_4,Benign,21990,3325
ROI_4,Benign,21982,3317
ROI_4,Benign,21958,3317
ROI_4,Benign,21927,3301
ROI_4,Benign,21879,3293
ROI_4,Benign,21808,3254
ROI_4,Benign,21761,3238
ROI_4,Benign,21714,3199
ROI_4,Benign,21532,3112
ROI_4,Benign,21492,3072
ROI_4,Benign,21469,3072
ROI_4,Benign,21421,3048
ROI_4,Benign,21398,3048
ROI_4,Benign,21366,3033
ROI_4,Benign,21232,3025
ROI_4,Benign,21224,3017
ROI_4,Benign,21176,3017
ROI_4,Benign,21169,3009
ROI_4,Benign,21121,3009
ROI_4,Benign,21113,3001
ROI_4,Benign,21034,2993
ROI_4,Benign,20995,2977
ROI_4,Benign,20947,2946
ROI_4,Benign,20781,2890
ROI_4,Benign,20671,2890
ROI_4,Benign,20663,2883
ROI_4,Benign,20624,2883
ROI_4,Benign,20616,2875
ROI_4,Benign,20552,2867
ROI_4,Benign,20545,2859
ROI_4,Benign,20505,2859
ROI_4,Benign,20466,2835
ROI_4,Benign,20418,2819
ROI_4,Benign,20347,2819
ROI_4,Benign,20339,2812
ROI_4,Benign,20221,2804
ROI_4,Benign,20213,2796
ROI_4,Benign,20189,2796
ROI_4,Benign,20181,2788
ROI_4,Benign,20157,2788
ROI_4,Benign,20150,2780
ROI_4,Benign,20126,2780
ROI_4,Benign,20055,2756
ROI_4,Benign,19992,2756
ROI_4,Benign,19905,2788
ROI_4,Benign,19778,2788
ROI_4,Benign,19770,2780
ROI_4,Benign,19668,2772
ROI_4,Benign,19620,2756
ROI_4,Benign,19589,2756
ROI_4,Benign,19581,2748
ROI_4,Benign,19502,2748
ROI_4,Benign,19454,2764
ROI_4,Benign,19375,2764
ROI_4,Benign,19328,2748
ROI_4,Benign,19194,2748
ROI_4,Benign,19186,2756
ROI_4,Benign,19146,2756
ROI_4,Benign,19028,2796
ROI_4,Benign,18988,2796
ROI_4,Benign,18981,2804
ROI_4,Benign,18925,2804
ROI_4,Benign,18886,2788
ROI_4,Benign,18838,2788
ROI_4,Benign,18823,2780
ROI_4,Benign,18815,2788
ROI_4,Benign,18775,2788
ROI_4,Benign,18744,2804
ROI_4,Benign,18704,2804
ROI_4,Benign,18696,2812
ROI_4,Benign,18680,2804
ROI_4,Benign,18649,2804
ROI_4,Benign,18586,2780
ROI_4,Benign,18554,2780
ROI_4,Benign,18546,2788
ROI_4,Benign,18499,2796
ROI_4,Benign,18451,2819
ROI_4,Benign,18404,2859
ROI_4,Benign,18357,2859
ROI_4,Benign,18349,2867
ROI_4,Benign,18238,2867
ROI_4,Benign,18167,2843
ROI_4,Benign,18110,2843
ROI_4,Benign,18159,3810
ROI_4,Benign,18104,3807
ROI_4,Benign,18238,3815
ROI_4,Benign,18246,3823
ROI_4,Benign,18436,3830
ROI_3,Benign,16255,2819
ROI_3,Benign,16208,2835
ROI_3,Benign,16176,2835
ROI_3,Benign,16169,2843
ROI_3,Benign,16090,2843
ROI_3,Benign,16074,2827
ROI_3,Benign,16011,2804
ROI_3,Benign,15995,2788
ROI_3,Benign,15916,2748
ROI_3,Benign,15758,2748
ROI_3,Benign,15750,2756
ROI_3,Benign,15592,2756
ROI_3,Benign,15584,2748
ROI_3,Benign,15545,2748
ROI_3,Benign,15537,2756
ROI_3,Benign,15252,2756
ROI_3,Benign,15244,2764
ROI_3,Benign,15181,2764
ROI_3,Benign,15173,2772
ROI_3,Benign,15086,2780
ROI_3,Benign,15078,2788
ROI_3,Benign,14992,2780
ROI_3,Benign,14984,2772
ROI_3,Benign,14897,2772
ROI_3,Benign,14889,2764
ROI_3,Benign,14842,2764
ROI_3,Benign,14834,2756
ROI_3,Benign,14770,2756
ROI_3,Benign,14763,2764
ROI_3,Benign,14684,2780
ROI_3,Benign,14636,2804
ROI_3,Benign,14573,2804
ROI_3,Benign,14478,2756
ROI_3,Benign,14447,2756
ROI_3,Benign,14439,2748
ROI_3,Benign,14383,2748
ROI_3,Benign,14375,2740
ROI_3,Benign,14257,2740
ROI_3,Benign,14249,2748
ROI_3,Benign,14202,2748
ROI_3,Benign,14178,2756
ROI_3,Benign,14146,2780
ROI_3,Benign,14131,2780
ROI_3,Benign,14075,2812
ROI_3,Benign,14060,2812
ROI_3,Benign,14044,2819
ROI_3,Benign,14012,2859
ROI_3,Benign,13886,2883
ROI_3,Benign,13846,2906
ROI_3,Benign,13830,2906
ROI_3,Benign,13783,2938
ROI_3,Benign,13728,3001
ROI_3,Benign,13712,3001
ROI_3,Benign,13672,3025
ROI_3,Benign,13625,3041
ROI_3,Benign,13601,3041
ROI_3,Benign,13593,3048
ROI_3,Benign,13443,3056
ROI_3,Benign,13380,3080
ROI_3,Benign,13357,3112
ROI_3,Benign,13301,3135
ROI_3,Benign,13222,3135
ROI_3,Benign,13214,3143
ROI_3,Benign,13183,3143
ROI_3,Benign,13151,3159
ROI_3,Benign,13088,3167
ROI_3,Benign,13080,3175
ROI_3,Benign,13017,3183
ROI_3,Benign,13009,3191
ROI_3,Benign,12717,3191
ROI_3,Benign,12709,3199
ROI_3,Benign,12551,3191
ROI_3,Benign,12543,3183
ROI_3,Benign,12511,3183
ROI_3,Benign,12472,3167
ROI_3,Benign,12432,3167
ROI_3,Benign,12393,3151
ROI_3,Benign,12361,3151
ROI_3,Benign,12322,3135
ROI_3,Benign,12266,3135
ROI_3,Benign,12259,3127
ROI_3,Benign,12187,3120
ROI_3,Benign,12093,3064
ROI_3,Benign,12061,3064
ROI_3,Benign,12022,3048
ROI_3,Benign,11974,3048
ROI_3,Benign,11966,3041
ROI_3,Benign,11848,3041
ROI_3,Benign,11840,3033
ROI_3,Benign,11698,3033
ROI_3,Benign,11690,3041
ROI_3,Benign,11571,3048
ROI_3,Benign,11563,3056
ROI_3,Benign,11532,3056
ROI_3,Benign,11492,3072
ROI_3,Benign,11469,3072
ROI_3,Benign,11390,3112
ROI_3,Benign,11327,3112
ROI_3,Benign,11319,3120
ROI_3,Benign,11232,3127
ROI_3,Benign,11113,3167
ROI_3,Benign,11074,3191
ROI_3,Benign,11026,3199
ROI_3,Benign,10979,3238
ROI_3,Benign,10939,3254
ROI_3,Benign,10916,3254
ROI_3,Benign,10837,3293
ROI_3,Benign,10821,3309
ROI_3,Benign,10734,3325
ROI_3,Benign,10631,3372
ROI_3,Benign,10418,3443
ROI_3,Benign,10387,3459
ROI_3,Benign,10331,3507
ROI_3,Benign,10284,3530
ROI_3,Benign,10252,3562
ROI_3,Benign,10221,3578
ROI_3,Benign,10173,3633
ROI_3,Benign,10150,3641
ROI_3,Benign,10110,3672
ROI_3,Benign,10063,3680
ROI_3,Benign,10055,3688
ROI_3,Benign,10007,3688
ROI_3,Benign,10000,3696
ROI_3,Benign,9960,3696
ROI_3,Benign,9952,3704
ROI_3,Benign,9889,3712
ROI_3,Benign,9873,3728
ROI_3,Benign,9842,3736
ROI_3,Benign,9802,3759
ROI_3,Benign,9755,3767
ROI_3,Benign,9699,3799
ROI_3,Benign,9644,3815
ROI_3,Benign,9549,3902
ROI_3,Benign,9541,3902
ROI_3,Benign,9439,4004
ROI_3,Benign,9391,4020
ROI_3,Benign,9391,4028
ROI_3,Benign,9320,4099
ROI_3,Benign,9312,4123
ROI_3,Benign,9265,4162
ROI_3,Benign,9265,4170
ROI_3,Benign,9194,4241
ROI_3,Benign,9194,4249
ROI_3,Benign,9178,4265
ROI_3,Benign,9154,4273
ROI_3,Benign,9115,4320
ROI_3,Benign,9075,4336
ROI_3,Benign,9036,4375
ROI_3,Benign,9020,4375
ROI_3,Benign,8925,4423
ROI_3,Benign,8902,4423
ROI_3,Benign,8846,4447
ROI_3,Benign,8823,4447
ROI_3,Benign,8799,4462
ROI_3,Benign,8775,4462
ROI_3,Benign,8696,4510
ROI_3,Benign,8633,4533
ROI_3,Benign,8601,4565
ROI_3,Benign,8515,4605
ROI_3,Benign,8483,4636
ROI_3,Benign,8364,4691
ROI_3,Benign,8349,4707
ROI_3,Benign,8309,4715
ROI_3,Benign,8214,4770
ROI_3,Benign,8135,4794
ROI_3,Benign,8096,4818
ROI_3,Benign,8025,4842
ROI_3,Benign,8001,4842
ROI_3,Benign,7922,4889
ROI_3,Benign,7867,4897
ROI_3,Benign,7780,4936
ROI_3,Benign,7677,4952
ROI_3,Benign,7669,4960
ROI_3,Benign,7630,4960
ROI_3,Benign,7590,4976
ROI_3,Benign,7567,4976
ROI_3,Benign,7543,4992
ROI_3,Benign,7503,4992
ROI_3,Benign,7496,5000
ROI_3,Benign,7369,5000
ROI_3,Benign,7361,5007
ROI_3,Benign,7314,5007
ROI_3,Benign,7306,5015
ROI_3,Benign,7164,5015
ROI_3,Benign,7156,5007
ROI_3,Benign,7109,5007
ROI_3,Benign,7101,5015
ROI_3,Benign,7022,5015
ROI_3,Benign,7014,5023
ROI_3,Benign,6966,5023
ROI_3,Benign,6958,5031
ROI_3,Benign,6895,5031
ROI_3,Benign,6887,5039
ROI_3,Benign,6808,5047
ROI_3,Benign,6777,5063
ROI_3,Benign,6721,5071
ROI_3,Benign,6658,5094
ROI_3,Benign,6595,5102
ROI_3,Benign,6508,5150
ROI_3,Benign,6469,5150
ROI_3,Benign,6461,5157
ROI_3,Benign,6287,5150
ROI_3,Benign,6279,5157
ROI_3,Benign,6200,5165
ROI_3,Benign,6145,5189
ROI_3,Benign,6097,5197
ROI_3,Benign,6034,5229
ROI_3,Benign,6003,5229
ROI_3,Benign,5995,5236
ROI_3,Benign,5916,5252
ROI_3,Benign,5892,5268
ROI_3,Benign,5805,5292
ROI_3,Benign,5766,5315
ROI_3,Benign,5695,5339
ROI_3,Benign,5639,5347
ROI_3,Benign,5631,5355
ROI_3,Benign,5592,5355
ROI_3,Benign,5545,5371
ROI_3,Benign,5521,5394
ROI_3,Benign,5450,5426
ROI_3,Benign,5434,5442
ROI_3,Benign,5371,5473
ROI_3,Benign,5331,5481
ROI_3,Benign,5260,5521
ROI_3,Benign,5157,5521
ROI_3,Benign,5150,5529
ROI_3,Benign,5063,5529
ROI_3,Benign,5055,5537
ROI_3,Benign,4905,5537
ROI_3,Benign,4897,5545
ROI_3,Benign,4849,5545
ROI_3,Benign,4778,5568
ROI_3,Benign,4755,5584
ROI_3,Benign,4739,5584
ROI_3,Benign,4699,5608
ROI_3,Benign,4636,5663
ROI_3,Benign,4597,5671
ROI_3,Benign,4526,5750
ROI_3,Benign,4518,5774
ROI_3,Benign,4478,5821
ROI_3,Benign,4462,5868
ROI_3,Benign,4462,6042
ROI_3,Benign,4470,6050
ROI_3,Benign,4470,6121
ROI_3,Benign,4494,6169
ROI_3,Benign,4494,6184
ROI_3,Benign,4526,6232
ROI_3,Benign,4597,6271
ROI_3,Benign,4628,6271
ROI_3,Benign,4668,6287
ROI_3,Benign,4707,6287
ROI_3,Benign,4715,6295
ROI_3,Benign,4755,6295
ROI_3,Benign,4763,6303
ROI_3,Benign,4834,6311
ROI_3,Benign,4842,6319
ROI_3,Benign,4889,6319
ROI_3,Benign,4897,6327
ROI_3,Benign,5023,6327
ROI_3,Benign,5031,6319
ROI_3,Benign,5063,6319
ROI_3,Benign,5094,6303
ROI_3,Benign,5150,6295
ROI_3,Benign,5157,6287
ROI_3,Benign,5189,6287
ROI_3,Benign,5260,6263
ROI_3,Benign,5300,6232
ROI_3,Benign,5323,6224
ROI_3,Benign,5394,6161
ROI_3,Benign,5489,6121
ROI_3,Benign,5560,6058
ROI_3,Benign,5687,5987
ROI_3,Benign,5789,5892
ROI_3,Benign,5908,5837
ROI_3,Benign,5939,5813
ROI_3,Benign,6018,5789
ROI_3,Benign,6082,5758
ROI_3,Benign,6121,5726
ROI_3,Benign,6279,5655
ROI_3,Benign,6303,5655
ROI_3,Benign,6311,5647
ROI_3,Benign,6366,5647
ROI_3,Benign,6374,5639
ROI_3,Benign,6595,5639
ROI_3,Benign,6603,5631
ROI_3,Benign,6666,5631
ROI_3,Benign,6674,5624
ROI_3,Benign,6737,5624
ROI_3,Benign,6745,5616
ROI_3,Benign,7030,5624
ROI_3,Benign,7116,5592
ROI_3,Benign,7227,5592
ROI_3,Benign,7235,5584
ROI_3,Benign,7266,5584
ROI_3,Benign,7440,5513
ROI_3,Benign,7543,5497
ROI_3,Benign,7622,5466
ROI_3,Benign,7661,5466
ROI_3,Benign,7701,5450
ROI_3,Benign,7733,5450
ROI_3,Benign,7764,5434
ROI_3,Benign,7788,5434
ROI_3,Benign,7819,5418
ROI_3,Benign,7851,5418
ROI_3,Benign,7883,5402
ROI_3,Benign,7922,5402
ROI_3,Benign,7930,5394
ROI_3,Benign,7993,5387
ROI_3,Benign,8072,5347
ROI_3,Benign,8191,5308
ROI_3,Benign,8238,5300
ROI_3,Benign,8262,5284
ROI_3,Benign,8285,5284
ROI_3,Benign,8357,5260
ROI_3,Benign,8436,5221
ROI_3,Benign,8530,5189
ROI_3,Benign,8586,5157
ROI_3,Benign,8704,5118
ROI_3,Benign,8744,5094
ROI_3,Benign,8838,5078
ROI_3,Benign,8909,5047
ROI_3,Benign,8965,5039
ROI_3,Benign,9004,5023
ROI_3,Benign,9107,5007
ROI_3,Benign,9146,4984
ROI_3,Benign,9170,4984
ROI_3,Benign,9194,4968
ROI_3,Benign,9241,4960
ROI_3,Benign,9399,4881
ROI_3,Benign,9415,4881
ROI_3,Benign,9462,4842
ROI_3,Benign,9549,4802
ROI_3,Benign,9581,4770
ROI_3,Benign,9612,4755
ROI_3,Benign,9628,4739
ROI_3,Benign,9636,4715
ROI_3,Benign,9676,4684
ROI_3,Benign,9691,4652
ROI_3,Benign,9747,4597
ROI_3,Benign,9747,4589
ROI_3,Benign,9897,4447
ROI_3,Benign,9928,4439
ROI_3,Benign,10023,4502
ROI_3,Benign,10142,4502
ROI_3,Benign,10252,4462
ROI_3,Benign,10284,4423
ROI_3,Benign,10284,4407
ROI_3,Benign,10315,4336
ROI_3,Benign,10331,4257
ROI_3,Benign,10355,4210
ROI_3,Benign,10371,4194
ROI_3,Benign,10394,4139
ROI_3,Benign,10458,4067
ROI_3,Benign,10560,3996
ROI_3,Benign,10592,3957
ROI_3,Benign,10679,3878
ROI_3,Benign,10781,3823
ROI_3,Benign,10853,3815
ROI_3,Benign,10947,3783
ROI_3,Benign,11003,3775
ROI_3,Benign,11011,3767
ROI_3,Benign,11042,3767
ROI_3,Benign,11050,3759
ROI_3,Benign,11082,3759
ROI_3,Benign,11090,3751
ROI_3,Benign,11248,3744
ROI_3,Benign,11255,3751
ROI_3,Benign,11374,3751
ROI_3,Benign,11382,3759
ROI_3,Benign,11690,3759
ROI_3,Benign,11737,3775
ROI_3,Benign,11832,3783
ROI_3,Benign,11919,3815
ROI_3,Benign,11974,3823
ROI_3,Benign,12022,3854
ROI_3,Benign,12101,3886
ROI_3,Benign,12132,3917
ROI_3,Benign,12211,3965
ROI_3,Benign,12235,3988
ROI_3,Benign,12306,4020
ROI_3,Benign,12345,4028
ROI_3,Benign,12369,4044
ROI_3,Benign,12417,4060
ROI_3,Benign,12448,4060
ROI_3,Benign,12456,4067
ROI_3,Benign,12575,4075
ROI_3,Benign,12582,4083
ROI_3,Benign,12630,4083
ROI_3,Benign,12638,4091
ROI_3,Benign,12677,4091
ROI_3,Benign,12685,4099
ROI_3,Benign,12946,4091
ROI_3,Benign,12954,4083
ROI_3,Benign,13112,4075
ROI_3,Benign,13120,4067
ROI_3,Benign,13341,4067
ROI_3,Benign,13349,4060
ROI_3,Benign,13388,4060
ROI_3,Benign,13436,4044
ROI_3,Benign,13483,4044
ROI_3,Benign,13491,4036
ROI_3,Benign,13538,4036
ROI_3,Benign,13546,4028
ROI_3,Benign,13586,4028
ROI_3,Benign,13633,4012
ROI_3,Benign,13672,4012
ROI_3,Benign,13680,4004
ROI_3,Benign,13736,4004
ROI_3,Benign,13744,3996
ROI_3,Benign,13846,3988
ROI_3,Benign,13854,3981
ROI_3,Benign,13902,3973
ROI_3,Benign,13949,3949
ROI_3,Benign,14036,3941
ROI_3,Benign,14044,3933
ROI_3,Benign,14075,3933
ROI_3,Benign,14115,3917
ROI_3,Benign,14146,3917
ROI_3,Benign,14154,3909
ROI_3,Benign,14225,3902
ROI_3,Benign,14233,3894
ROI_3,Benign,14296,3894
ROI_3,Benign,14304,3886
ROI_3,Benign,14352,3886
ROI_3,Benign,14360,3878
ROI_3,Benign,14454,3870
ROI_3,Benign,14462,3862
ROI_3,Benign,14612,3862
ROI_3,Benign,14620,3854
ROI_3,Benign,14676,3854
ROI_3,Benign,14684,3846
ROI_3,Benign,14921,3846
ROI_3,Benign,14928,3838
ROI_3,Benign,14984,3838
ROI_3,Benign,14992,3830
ROI_3,Benign,15260,3830
ROI_3,Benign,15268,3838
ROI_3,Benign,15797,3838
ROI_3,Benign,15805,3830
ROI_3,Benign,16082,3830
ROI_3,Benign,16105,3838
ROI_3,Benign,16113,3830
ROI_3,Benign,16271,3830
ROI_3,Benign,16279,3823
ROI_3,Benign,17037,3815
ROI_3,Benign,16548,3820
ROI_3,Benign,16493,2733
ROI_3,Benign,16398,2733
ROI_3,Benign,16350,2748
ROI_3,Benign,16287,2804
ROI_3,Benign,16255,2819
ROI_7,Benign,9526,32274
ROI_7,Benign,9431,32306
ROI_7,Benign,9375,32306
ROI_7,Benign,9368,32314
ROI_7,Benign,9265,32314
ROI_7,Benign,9257,32306
ROI_7,Benign,9186,32306
ROI_7,Benign,9178,32298
ROI_7,Benign,9123,32298
ROI_7,Benign,9115,32290
ROI_7,Benign,9075,32290
ROI_7,Benign,9067,32282
ROI_7,Benign,8949,32274
ROI_7,Benign,8941,32266
ROI_7,Benign,8799,32266
ROI_7,Benign,8791,32259
ROI_7,Benign,8554,32274
ROI_7,Benign,8546,32282
ROI_7,Benign,8507,32282
ROI_7,Benign,8436,32306
ROI_7,Benign,8333,32353
ROI_7,Benign,8293,32353
ROI_7,Benign,8278,32377
ROI_7,Benign,8278,32432
ROI_7,Benign,8309,32488
ROI_7,Benign,8357,32527
ROI_7,Benign,8388,32567
ROI_7,Benign,8459,32598
ROI_7,Benign,8475,32614
ROI_7,Benign,8522,32630
ROI_7,Benign,8546,32630
ROI_7,Benign,8641,32677
ROI_7,Benign,8728,32685
ROI_7,Benign,8759,32701
ROI_7,Benign,8791,32701
ROI_7,Benign,8823,32717
ROI_7,Benign,8862,32717
ROI_7,Benign,8909,32733
ROI_7,Benign,8981,32733
ROI_7,Benign,8988,32740
ROI_7,Benign,9036,32740
ROI_7,Benign,9044,32748
ROI_7,Benign,9083,32748
ROI_7,Benign,9131,32764
ROI_7,Benign,9178,32764
ROI_7,Benign,9186,32772
ROI_7,Benign,9257,32780
ROI_7,Benign,9265,32788
ROI_7,Benign,9296,32788
ROI_7,Benign,9344,32804
ROI_7,Benign,9589,32819
ROI_7,Benign,9497,32813
ROI_7,Benign,9634,32257
ROI_7,Benign,9620,32259
ROI_7,Benign,9612,32266
ROI_7,Benign,9526,32274
ROI_8,Benign,24510,15466
ROI_8,Benign,24470,15497
ROI_8,Benign,24423,15505
ROI_8,Benign,24415,15513
ROI_8,Benign,24383,15513
ROI_8,Benign,24336,15537
ROI_8,Benign,24249,15560
ROI_8,Benign,24210,15584
ROI_8,Benign,24178,15592
ROI_8,Benign,24131,15647
ROI_8,Benign,24115,15679
ROI_8,Benign,24115,15703
ROI_8,Benign,24107,15710
ROI_8,Benign,24107,15813
ROI_8,Benign,24154,15853
ROI_8,Benign,24170,15853
ROI_8,Benign,24194,15868
ROI_8,Benign,24336,15876
ROI_8,Benign,24344,15884
ROI_8,Benign,24731,15884
ROI_8,Benign,24739,15892
ROI_8,Benign,24889,15892
ROI_8,Benign,24897,15900
ROI_8,Benign,25181,15908
ROI_8,Benign,25189,15900
ROI_8,Benign,25236,15900
ROI_8,Benign,25244,15892
ROI_8,Benign,25315,15892
ROI_8,Benign,25355,15876
ROI_8,Benign,25371,15845
ROI_8,Benign,25371,15805
ROI_8,Benign,25339,15718
ROI_8,Benign,25331,15671
ROI_8,Benign,25284,15592
ROI_8,Benign,25221,15545
ROI_8,Benign,25197,15537
ROI_8,Benign,25181,15521
ROI_8,Benign,25150,15513
ROI_8,Benign,25078,15466
ROI_8,Benign,24960,15442
ROI_8,Benign,24952,15434
ROI_8,Benign,24865,15426
ROI_8,Benign,24857,15418
ROI_8,Benign,24660,15418
ROI_8,Benign,24605,15442
ROI_8,Benign,24549,15450
ROI_8,Benign,24526,15466
ROI_8,Benign,24510,15466
ROI_5,Benign,26366,15789
ROI_5,Benign,26334,15837
ROI_5,Benign,26334,15868
ROI_5,Benign,26327,15876
ROI_5,Benign,26327,15955
ROI_5,Benign,26350,16011
ROI_5,Benign,26390,16050
ROI_5,Benign,26390,16058
ROI_5,Benign,26413,16066
ROI_5,Benign,26429,16082
ROI_5,Benign,26469,16097
ROI_5,Benign,26556,16097
ROI_5,Benign,26563,16090
ROI_5,Benign,26595,16090
ROI_5,Benign,26642,16066
ROI_5,Benign,26714,16011
ROI_5,Benign,26737,16003
ROI_5,Benign,26745,15987
ROI_5,Benign,26743,15989
ROI_5,Benign,26366,15779
ROI_5,Benign,26366,15789
